isolate_id,gene,identity,coverage,present
14020703-3_S17,bcrABC,0.0,0.0,False
14020703-3_S17,qacH,0.0,0.0,False
14020703-3_S17,emrE,0.0,0.0,False
14020703-3_S17,emrC,0.0,0.0,False
17-LI00066-0_S9,bcrABC,0.0,0.0,False
17-LI00066-0_S9,qacH,0.0,0.0,False
17-LI00066-0_S9,emrE,0.0,0.0,False
17-LI00066-0_S9,emrC,0.0,0.0,False
17054043_S41,bcrABC,0.0,0.0,False
17054043_S41,qacH,0.0,0.0,False
17054043_S41,emrE,0.0,0.0,False
17054043_S41,emrC,0.0,0.0,False
19-LI00480-0_S16,bcrABC,0.0,0.0,False
19-LI00480-0_S16,qacH,0.0,0.0,False
19-LI00480-0_S16,emrE,0.0,0.0,False
19-LI00480-0_S16,emrC,0.0,0.0,False
19-LI01448-0_S56,bcrABC,0.0,0.0,False
19-LI01448-0_S56,qacH,0.0,0.0,False
19-LI01448-0_S56,emrE,0.0,0.0,False
19-LI01448-0_S56,emrC,0.0,0.0,False
19-LI01459-0_S61,bcrABC,0.0,0.0,False
19-LI01459-0_S61,qacH,0.0,0.0,False
19-LI01459-0_S61,emrE,0.0,0.0,False
19-LI01459-0_S61,emrC,0.0,0.0,False
20-LI01102-0_S37,bcrABC,0.0,0.0,False
20-LI01102-0_S37,qacH,0.0,0.0,False
20-LI01102-0_S37,emrE,0.0,0.0,False
20-LI01102-0_S37,emrC,0.0,0.0,False
413002239_S10,bcrABC,0.0,0.0,False
413002239_S10,qacH,0.0,0.0,False
413002239_S10,emrE,0.0,0.0,False
413002239_S10,emrC,0.0,0.0,False
D09_S27,bcrABC,0.0,0.0,False
D09_S27,qacH,0.0,0.0,False
D09_S27,emrE,0.0,0.0,False
D09_S27,emrC,0.0,0.0,False
DTU2019-2028-PRJ1196-Listeria-monocytogenes-7,bcrABC,0.0,0.0,False
DTU2019-2028-PRJ1196-Listeria-monocytogenes-7,qacH,0.0,0.0,False
DTU2019-2028-PRJ1196-Listeria-monocytogenes-7,emrE,0.0,0.0,False
DTU2019-2028-PRJ1196-Listeria-monocytogenes-7,emrC,0.0,0.0,False
DTU2019-2055-PRJ1196-Listeria-monocytogenes-34,bcrABC,0.0,0.0,False
DTU2019-2055-PRJ1196-Listeria-monocytogenes-34,qacH,0.0,0.0,False
DTU2019-2055-PRJ1196-Listeria-monocytogenes-34,emrE,0.0,0.0,False
DTU2019-2055-PRJ1196-Listeria-monocytogenes-34,emrC,0.0,0.0,False
DTU2019-2065-PRJ1196-Listeria-monocytogenes-44,bcrABC,0.0,0.0,False
DTU2019-2065-PRJ1196-Listeria-monocytogenes-44,qacH,0.0,0.0,False
DTU2019-2065-PRJ1196-Listeria-monocytogenes-44,emrE,0.0,0.0,False
DTU2019-2065-PRJ1196-Listeria-monocytogenes-44,emrC,0.0,0.0,False
DTU2019-2066-PRJ1196-Listeria-monocytogenes-45,bcrABC,0.0,0.0,False
DTU2019-2066-PRJ1196-Listeria-monocytogenes-45,qacH,0.0,0.0,False
DTU2019-2066-PRJ1196-Listeria-monocytogenes-45,emrE,0.0,0.0,False
DTU2019-2066-PRJ1196-Listeria-monocytogenes-45,emrC,0.0,0.0,False
DTU_2021_1010551_1_SI_LT3_S100,bcrABC,0.0,0.0,False
DTU_2021_1010551_1_SI_LT3_S100,qacH,0.0,0.0,False
DTU_2021_1010551_1_SI_LT3_S100,emrE,0.0,0.0,False
DTU_2021_1010551_1_SI_LT3_S100,emrC,0.0,0.0,False
DTU_2022_1015295_2_SI_90a1_S3,bcrABC,0.0,0.0,False
DTU_2022_1015295_2_SI_90a1_S3,qacH,0.0,0.0,False
DTU_2022_1015295_2_SI_90a1_S3,emrE,0.0,0.0,False
DTU_2022_1015295_2_SI_90a1_S3,emrC,0.0,0.0,False
DTU_2022_1015337_1_SI_L1906b1_S55,bcrABC,0.0,0.0,False
DTU_2022_1015337_1_SI_L1906b1_S55,qacH,0.0,0.0,False
DTU_2022_1015337_1_SI_L1906b1_S55,emrE,0.0,0.0,False
DTU_2022_1015337_1_SI_L1906b1_S55,emrC,0.0,0.0,False
DTU_2022_1015339_1_SI_L1619a1_S57,bcrABC,0.0,0.0,False
DTU_2022_1015339_1_SI_L1619a1_S57,qacH,0.0,0.0,False
DTU_2022_1015339_1_SI_L1619a1_S57,emrE,0.0,0.0,False
DTU_2022_1015339_1_SI_L1619a1_S57,emrC,0.0,0.0,False
DTU_2022_1015347_1_SI_L0720_S65,bcrABC,0.0,0.0,False
DTU_2022_1015347_1_SI_L0720_S65,qacH,0.0,0.0,False
DTU_2022_1015347_1_SI_L0720_S65,emrE,0.0,0.0,False
DTU_2022_1015347_1_SI_L0720_S65,emrC,0.0,0.0,False
DTU_2022_1015352_1_SI_JC18_S70,bcrABC,0.0,0.0,False
DTU_2022_1015352_1_SI_JC18_S70,qacH,0.0,0.0,False
DTU_2022_1015352_1_SI_JC18_S70,emrE,0.0,0.0,False
DTU_2022_1015352_1_SI_JC18_S70,emrC,0.0,0.0,False
DTU_2022_1015355_1_SI_JC21_S73,bcrABC,0.0,0.0,False
DTU_2022_1015355_1_SI_JC21_S73,qacH,0.0,0.0,False
DTU_2022_1015355_1_SI_JC21_S73,emrE,0.0,0.0,False
DTU_2022_1015355_1_SI_JC21_S73,emrC,0.0,0.0,False
DTU_2022_1015358_1_SI_JC28_S76,bcrABC,0.0,0.0,False
DTU_2022_1015358_1_SI_JC28_S76,qacH,0.0,0.0,False
DTU_2022_1015358_1_SI_JC28_S76,emrE,0.0,0.0,False
DTU_2022_1015358_1_SI_JC28_S76,emrC,0.0,0.0,False
DTU_2022_1015371_1_SI_JC65_S89,bcrABC,0.0,0.0,False
DTU_2022_1015371_1_SI_JC65_S89,qacH,0.0,0.0,False
DTU_2022_1015371_1_SI_JC65_S89,emrE,0.0,0.0,False
DTU_2022_1015371_1_SI_JC65_S89,emrC,0.0,0.0,False
DTU_2022_1015389_2_SI_JC86,bcrABC,0.0,0.0,False
DTU_2022_1015389_2_SI_JC86,qacH,0.0,0.0,False
DTU_2022_1015389_2_SI_JC86,emrE,0.0,0.0,False
DTU_2022_1015389_2_SI_JC86,emrC,0.0,0.0,False
DTU_2022_1015396_2_SI_JC100,bcrABC,0.0,0.0,False
DTU_2022_1015396_2_SI_JC100,qacH,0.0,0.0,False
DTU_2022_1015396_2_SI_JC100,emrE,0.0,0.0,False
DTU_2022_1015396_2_SI_JC100,emrC,0.0,0.0,False
DTU_2022_1015405_2_SI_LV0906_S125,bcrABC,0.0,0.0,False
DTU_2022_1015405_2_SI_LV0906_S125,qacH,0.0,0.0,False
DTU_2022_1015405_2_SI_LV0906_S125,emrE,0.0,0.0,False
DTU_2022_1015405_2_SI_LV0906_S125,emrC,0.0,0.0,False
DTU_2022_1015406_2_SI_LV1318_S126,bcrABC,0.0,0.0,False
DTU_2022_1015406_2_SI_LV1318_S126,qacH,0.0,0.0,False
DTU_2022_1015406_2_SI_LV1318_S126,emrE,0.0,0.0,False
DTU_2022_1015406_2_SI_LV1318_S126,emrC,0.0,0.0,False
DTU_2022_1015432_1_SI_6232_S151,bcrABC,0.0,0.0,False
DTU_2022_1015432_1_SI_6232_S151,qacH,0.0,0.0,False
DTU_2022_1015432_1_SI_6232_S151,emrE,0.0,0.0,False
DTU_2022_1015432_1_SI_6232_S151,emrC,0.0,0.0,False
DTU_2022_1015436_1_SI_6263_S155,bcrABC,0.0,0.0,False
DTU_2022_1015436_1_SI_6263_S155,qacH,0.0,0.0,False
DTU_2022_1015436_1_SI_6263_S155,emrE,0.0,0.0,False
DTU_2022_1015436_1_SI_6263_S155,emrC,0.0,0.0,False
DTU_2022_1015441_1_SI_6288_S160,bcrABC,0.0,0.0,False
DTU_2022_1015441_1_SI_6288_S160,qacH,0.0,0.0,False
DTU_2022_1015441_1_SI_6288_S160,emrE,0.0,0.0,False
DTU_2022_1015441_1_SI_6288_S160,emrC,0.0,0.0,False
DTU_2022_1015446_1_SI_6319_S165,bcrABC,0.0,0.0,False
DTU_2022_1015446_1_SI_6319_S165,qacH,0.0,0.0,False
DTU_2022_1015446_1_SI_6319_S165,emrE,0.0,0.0,False
DTU_2022_1015446_1_SI_6319_S165,emrC,0.0,0.0,False
DTU_2022_1015448_1_SI_8366_S167,bcrABC,0.0,0.0,False
DTU_2022_1015448_1_SI_8366_S167,qacH,0.0,0.0,False
DTU_2022_1015448_1_SI_8366_S167,emrE,0.0,0.0,False
DTU_2022_1015448_1_SI_8366_S167,emrC,0.0,0.0,False
DTU_2022_1015453_1_SI_2_S172,bcrABC,0.0,0.0,False
DTU_2022_1015453_1_SI_2_S172,qacH,0.0,0.0,False
DTU_2022_1015453_1_SI_2_S172,emrE,0.0,0.0,False
DTU_2022_1015453_1_SI_2_S172,emrC,0.0,0.0,False
DTU_2022_1015480_1_SI_Lm034,bcrABC,0.0,0.0,False
DTU_2022_1015480_1_SI_Lm034,qacH,0.0,0.0,False
DTU_2022_1015480_1_SI_Lm034,emrE,0.0,0.0,False
DTU_2022_1015480_1_SI_Lm034,emrC,0.0,0.0,False
DTU_2022_1015484_1_SI_Lm038,bcrABC,0.0,0.0,False
DTU_2022_1015484_1_SI_Lm038,qacH,0.0,0.0,False
DTU_2022_1015484_1_SI_Lm038,emrE,0.0,0.0,False
DTU_2022_1015484_1_SI_Lm038,emrC,0.0,0.0,False
DTU_2022_1015487_1_SI_Lm041,bcrABC,0.0,0.0,False
DTU_2022_1015487_1_SI_Lm041,qacH,0.0,0.0,False
DTU_2022_1015487_1_SI_Lm041,emrE,0.0,0.0,False
DTU_2022_1015487_1_SI_Lm041,emrC,0.0,0.0,False
DTU_2022_1015488_1_SI_Lm042,bcrABC,0.0,0.0,False
DTU_2022_1015488_1_SI_Lm042,qacH,0.0,0.0,False
DTU_2022_1015488_1_SI_Lm042,emrE,0.0,0.0,False
DTU_2022_1015488_1_SI_Lm042,emrC,0.0,0.0,False
DTU_2022_1015495_1_SI_Lm129,bcrABC,0.0,0.0,False
DTU_2022_1015495_1_SI_Lm129,qacH,0.0,0.0,False
DTU_2022_1015495_1_SI_Lm129,emrE,0.0,0.0,False
DTU_2022_1015495_1_SI_Lm129,emrC,0.0,0.0,False
DTU_2022_1015503_2_SI_Lm201_S163,bcrABC,0.0,0.0,False
DTU_2022_1015503_2_SI_Lm201_S163,qacH,0.0,0.0,False
DTU_2022_1015503_2_SI_Lm201_S163,emrE,0.0,0.0,False
DTU_2022_1015503_2_SI_Lm201_S163,emrC,0.0,0.0,False
DTU_2022_1015505_2_SI_Lm225_S165,bcrABC,0.0,0.0,False
DTU_2022_1015505_2_SI_Lm225_S165,qacH,0.0,0.0,False
DTU_2022_1015505_2_SI_Lm225_S165,emrE,0.0,0.0,False
DTU_2022_1015505_2_SI_Lm225_S165,emrC,0.0,0.0,False
DTU_2022_1015514_1_SI_Lm323,bcrABC,0.0,0.0,False
DTU_2022_1015514_1_SI_Lm323,qacH,0.0,0.0,False
DTU_2022_1015514_1_SI_Lm323,emrE,0.0,0.0,False
DTU_2022_1015514_1_SI_Lm323,emrC,0.0,0.0,False
DTU_2022_1015538_1_SI_43,bcrABC,0.0,0.0,False
DTU_2022_1015538_1_SI_43,qacH,0.0,0.0,False
DTU_2022_1015538_1_SI_43,emrE,0.0,0.0,False
DTU_2022_1015538_1_SI_43,emrC,0.0,0.0,False
DTU_2022_1015557_2_SI_62_S171,bcrABC,0.0,0.0,False
DTU_2022_1015557_2_SI_62_S171,qacH,0.0,0.0,False
DTU_2022_1015557_2_SI_62_S171,emrE,0.0,0.0,False
DTU_2022_1015557_2_SI_62_S171,emrC,0.0,0.0,False
DTU_2022_1015566_1_SI_71,bcrABC,0.0,0.0,False
DTU_2022_1015566_1_SI_71,qacH,0.0,0.0,False
DTU_2022_1015566_1_SI_71,emrE,0.0,0.0,False
DTU_2022_1015566_1_SI_71,emrC,0.0,0.0,False
DTU_2022_1015574_1_SI_79,bcrABC,0.0,0.0,False
DTU_2022_1015574_1_SI_79,qacH,0.0,0.0,False
DTU_2022_1015574_1_SI_79,emrE,0.0,0.0,False
DTU_2022_1015574_1_SI_79,emrC,0.0,0.0,False
DTU_2022_1015606_1_SI_111,bcrABC,0.0,0.0,False
DTU_2022_1015606_1_SI_111,qacH,0.0,0.0,False
DTU_2022_1015606_1_SI_111,emrE,0.0,0.0,False
DTU_2022_1015606_1_SI_111,emrC,0.0,0.0,False
DTU_2022_1015624_1_SI_129,bcrABC,0.0,0.0,False
DTU_2022_1015624_1_SI_129,qacH,0.0,0.0,False
DTU_2022_1015624_1_SI_129,emrE,0.0,0.0,False
DTU_2022_1015624_1_SI_129,emrC,0.0,0.0,False
DTU_2022_1015632_1_SI_MF2153,bcrABC,0.0,0.0,False
DTU_2022_1015632_1_SI_MF2153,qacH,0.0,0.0,False
DTU_2022_1015632_1_SI_MF2153,emrE,0.0,0.0,False
DTU_2022_1015632_1_SI_MF2153,emrC,0.0,0.0,False
DTU_2022_1015652_1_SI_MF2186,bcrABC,0.0,0.0,False
DTU_2022_1015652_1_SI_MF2186,qacH,0.0,0.0,False
DTU_2022_1015652_1_SI_MF2186,emrE,0.0,0.0,False
DTU_2022_1015652_1_SI_MF2186,emrC,0.0,0.0,False
DTU_2022_1015653_1_SI_MF2187,bcrABC,0.0,0.0,False
DTU_2022_1015653_1_SI_MF2187,qacH,0.0,0.0,False
DTU_2022_1015653_1_SI_MF2187,emrE,0.0,0.0,False
DTU_2022_1015653_1_SI_MF2187,emrC,0.0,0.0,False
DTU_2022_1015676_1_SI_MF4341,bcrABC,0.0,0.0,False
DTU_2022_1015676_1_SI_MF4341,qacH,0.0,0.0,False
DTU_2022_1015676_1_SI_MF4341,emrE,0.0,0.0,False
DTU_2022_1015676_1_SI_MF4341,emrC,0.0,0.0,False
DTU_2022_1015677_1_SI_MF4345,bcrABC,0.0,0.0,False
DTU_2022_1015677_1_SI_MF4345,qacH,0.0,0.0,False
DTU_2022_1015677_1_SI_MF4345,emrE,0.0,0.0,False
DTU_2022_1015677_1_SI_MF4345,emrC,0.0,0.0,False
DTU_2022_1015679_1_SI_MF4385,bcrABC,0.0,0.0,False
DTU_2022_1015679_1_SI_MF4385,qacH,0.0,0.0,False
DTU_2022_1015679_1_SI_MF4385,emrE,0.0,0.0,False
DTU_2022_1015679_1_SI_MF4385,emrC,0.0,0.0,False
DTU_2022_1015680_1_SI_MF4531,bcrABC,0.0,0.0,False
DTU_2022_1015680_1_SI_MF4531,qacH,0.0,0.0,False
DTU_2022_1015680_1_SI_MF4531,emrE,0.0,0.0,False
DTU_2022_1015680_1_SI_MF4531,emrC,0.0,0.0,False
DTU_2022_1015735_1_SI_6029_S139,bcrABC,0.0,0.0,False
DTU_2022_1015735_1_SI_6029_S139,qacH,0.0,0.0,False
DTU_2022_1015735_1_SI_6029_S139,emrE,0.0,0.0,False
DTU_2022_1015735_1_SI_6029_S139,emrC,0.0,0.0,False
DTU_2022_1015761_1_SI_6062_S165,bcrABC,0.0,0.0,False
DTU_2022_1015761_1_SI_6062_S165,qacH,0.0,0.0,False
DTU_2022_1015761_1_SI_6062_S165,emrE,0.0,0.0,False
DTU_2022_1015761_1_SI_6062_S165,emrC,0.0,0.0,False
DTU_2022_1015768_1_SI_6070_S172,bcrABC,0.0,0.0,False
DTU_2022_1015768_1_SI_6070_S172,qacH,0.0,0.0,False
DTU_2022_1015768_1_SI_6070_S172,emrE,0.0,0.0,False
DTU_2022_1015768_1_SI_6070_S172,emrC,0.0,0.0,False
DTU_2022_1015775_1_SI_6078_S179,bcrABC,0.0,0.0,False
DTU_2022_1015775_1_SI_6078_S179,qacH,0.0,0.0,False
DTU_2022_1015775_1_SI_6078_S179,emrE,0.0,0.0,False
DTU_2022_1015775_1_SI_6078_S179,emrC,0.0,0.0,False
DTU_2022_1015779_1_SI_6084,bcrABC,0.0,0.0,False
DTU_2022_1015779_1_SI_6084,qacH,0.0,0.0,False
DTU_2022_1015779_1_SI_6084,emrE,0.0,0.0,False
DTU_2022_1015779_1_SI_6084,emrC,0.0,0.0,False
DTU_2022_1015793_1_SI_6103,bcrABC,0.0,0.0,False
DTU_2022_1015793_1_SI_6103,qacH,0.0,0.0,False
DTU_2022_1015793_1_SI_6103,emrE,0.0,0.0,False
DTU_2022_1015793_1_SI_6103,emrC,0.0,0.0,False
DTU_2022_1015809_1_SI_8267,bcrABC,0.0,0.0,False
DTU_2022_1015809_1_SI_8267,qacH,0.0,0.0,False
DTU_2022_1015809_1_SI_8267,emrE,0.0,0.0,False
DTU_2022_1015809_1_SI_8267,emrC,0.0,0.0,False
DTU_2022_1015811_1_SI_8276,bcrABC,0.0,0.0,False
DTU_2022_1015811_1_SI_8276,qacH,0.0,0.0,False
DTU_2022_1015811_1_SI_8276,emrE,0.0,0.0,False
DTU_2022_1015811_1_SI_8276,emrC,0.0,0.0,False
DTU_2022_1015816_1_SI_2305,bcrABC,0.0,0.0,False
DTU_2022_1015816_1_SI_2305,qacH,0.0,0.0,False
DTU_2022_1015816_1_SI_2305,emrE,0.0,0.0,False
DTU_2022_1015816_1_SI_2305,emrC,0.0,0.0,False
DTU_2022_1015821_1_SI_5087,bcrABC,0.0,0.0,False
DTU_2022_1015821_1_SI_5087,qacH,0.0,0.0,False
DTU_2022_1015821_1_SI_5087,emrE,0.0,0.0,False
DTU_2022_1015821_1_SI_5087,emrC,0.0,0.0,False
DTU_2022_1015824_1_SI_5091,bcrABC,0.0,0.0,False
DTU_2022_1015824_1_SI_5091,qacH,0.0,0.0,False
DTU_2022_1015824_1_SI_5091,emrE,0.0,0.0,False
DTU_2022_1015824_1_SI_5091,emrC,0.0,0.0,False
DTU_2022_1015845_1_SI_CDL171,bcrABC,0.0,0.0,False
DTU_2022_1015845_1_SI_CDL171,qacH,0.0,0.0,False
DTU_2022_1015845_1_SI_CDL171,emrE,0.0,0.0,False
DTU_2022_1015845_1_SI_CDL171,emrC,0.0,0.0,False
DTU_2022_1015846_1_SI_CDL172,bcrABC,0.0,0.0,False
DTU_2022_1015846_1_SI_CDL172,qacH,0.0,0.0,False
DTU_2022_1015846_1_SI_CDL172,emrE,0.0,0.0,False
DTU_2022_1015846_1_SI_CDL172,emrC,0.0,0.0,False
DTU_2022_1015847_1_SI_CDL174,bcrABC,0.0,0.0,False
DTU_2022_1015847_1_SI_CDL174,qacH,0.0,0.0,False
DTU_2022_1015847_1_SI_CDL174,emrE,0.0,0.0,False
DTU_2022_1015847_1_SI_CDL174,emrC,0.0,0.0,False
DTU_2022_1015848_1_SI_CDL175,bcrABC,0.0,0.0,False
DTU_2022_1015848_1_SI_CDL175,qacH,0.0,0.0,False
DTU_2022_1015848_1_SI_CDL175,emrE,0.0,0.0,False
DTU_2022_1015848_1_SI_CDL175,emrC,0.0,0.0,False
DTU_2022_1015849_1_SI_CDL176,bcrABC,0.0,0.0,False
DTU_2022_1015849_1_SI_CDL176,qacH,0.0,0.0,False
DTU_2022_1015849_1_SI_CDL176,emrE,0.0,0.0,False
DTU_2022_1015849_1_SI_CDL176,emrC,0.0,0.0,False
DTU_2022_1015855_1_SI_CDL252,bcrABC,0.0,0.0,False
DTU_2022_1015855_1_SI_CDL252,qacH,0.0,0.0,False
DTU_2022_1015855_1_SI_CDL252,emrE,0.0,0.0,False
DTU_2022_1015855_1_SI_CDL252,emrC,0.0,0.0,False
DTU_2022_1015923_1_SI_7001,bcrABC,0.0,0.0,False
DTU_2022_1015923_1_SI_7001,qacH,0.0,0.0,False
DTU_2022_1015923_1_SI_7001,emrE,0.0,0.0,False
DTU_2022_1015923_1_SI_7001,emrC,0.0,0.0,False
DTU_2022_1015952_1_SI_7882,bcrABC,0.0,0.0,False
DTU_2022_1015952_1_SI_7882,qacH,0.0,0.0,False
DTU_2022_1015952_1_SI_7882,emrE,0.0,0.0,False
DTU_2022_1015952_1_SI_7882,emrC,0.0,0.0,False
DTU_2022_1015955_1_SI_8110,bcrABC,0.0,0.0,False
DTU_2022_1015955_1_SI_8110,qacH,0.0,0.0,False
DTU_2022_1015955_1_SI_8110,emrE,0.0,0.0,False
DTU_2022_1015955_1_SI_8110,emrC,0.0,0.0,False
DTU_2022_1015998_1_SI_N20_0870_S30,bcrABC,0.0,0.0,False
DTU_2022_1015998_1_SI_N20_0870_S30,qacH,0.0,0.0,False
DTU_2022_1015998_1_SI_N20_0870_S30,emrE,0.0,0.0,False
DTU_2022_1015998_1_SI_N20_0870_S30,emrC,0.0,0.0,False
DTU_2022_1015999_1_SI_N20_0916_S31,bcrABC,0.0,0.0,False
DTU_2022_1015999_1_SI_N20_0916_S31,qacH,0.0,0.0,False
DTU_2022_1015999_1_SI_N20_0916_S31,emrE,0.0,0.0,False
DTU_2022_1015999_1_SI_N20_0916_S31,emrC,0.0,0.0,False
DTU_2022_1016031_1_SI_N20_2340_S63,bcrABC,0.0,0.0,False
DTU_2022_1016031_1_SI_N20_2340_S63,qacH,0.0,0.0,False
DTU_2022_1016031_1_SI_N20_2340_S63,emrE,0.0,0.0,False
DTU_2022_1016031_1_SI_N20_2340_S63,emrC,0.0,0.0,False
DTU_2022_1016056_1_SI_N21_0325_S88,bcrABC,0.0,0.0,False
DTU_2022_1016056_1_SI_N21_0325_S88,qacH,0.0,0.0,False
DTU_2022_1016056_1_SI_N21_0325_S88,emrE,0.0,0.0,False
DTU_2022_1016056_1_SI_N21_0325_S88,emrC,0.0,0.0,False
DTU_2022_1016057_1_SI_N21_0326_S89,bcrABC,0.0,0.0,False
DTU_2022_1016057_1_SI_N21_0326_S89,qacH,0.0,0.0,False
DTU_2022_1016057_1_SI_N21_0326_S89,emrE,0.0,0.0,False
DTU_2022_1016057_1_SI_N21_0326_S89,emrC,0.0,0.0,False
DTU_2022_1016058_1_SI_N21_0371_S90,bcrABC,0.0,0.0,False
DTU_2022_1016058_1_SI_N21_0371_S90,qacH,0.0,0.0,False
DTU_2022_1016058_1_SI_N21_0371_S90,emrE,0.0,0.0,False
DTU_2022_1016058_1_SI_N21_0371_S90,emrC,0.0,0.0,False
DTU_2022_1016099_1_SI_N19_2837_S131,bcrABC,0.0,0.0,False
DTU_2022_1016099_1_SI_N19_2837_S131,qacH,0.0,0.0,False
DTU_2022_1016099_1_SI_N19_2837_S131,emrE,0.0,0.0,False
DTU_2022_1016099_1_SI_N19_2837_S131,emrC,0.0,0.0,False
DTU_2022_1016100_1_SI_N19_2881_S132,bcrABC,0.0,0.0,False
DTU_2022_1016100_1_SI_N19_2881_S132,qacH,0.0,0.0,False
DTU_2022_1016100_1_SI_N19_2881_S132,emrE,0.0,0.0,False
DTU_2022_1016100_1_SI_N19_2881_S132,emrC,0.0,0.0,False
DTU_2022_1016101_1_SI_N19_2882_S133,bcrABC,0.0,0.0,False
DTU_2022_1016101_1_SI_N19_2882_S133,qacH,0.0,0.0,False
DTU_2022_1016101_1_SI_N19_2882_S133,emrE,0.0,0.0,False
DTU_2022_1016101_1_SI_N19_2882_S133,emrC,0.0,0.0,False
DTU_2022_1016113_1_SI_N19_3097_S145,bcrABC,0.0,0.0,False
DTU_2022_1016113_1_SI_N19_3097_S145,qacH,0.0,0.0,False
DTU_2022_1016113_1_SI_N19_3097_S145,emrE,0.0,0.0,False
DTU_2022_1016113_1_SI_N19_3097_S145,emrC,0.0,0.0,False
DTU_2022_1016121_1_SI_N20_0268_S153,bcrABC,0.0,0.0,False
DTU_2022_1016121_1_SI_N20_0268_S153,qacH,0.0,0.0,False
DTU_2022_1016121_1_SI_N20_0268_S153,emrE,0.0,0.0,False
DTU_2022_1016121_1_SI_N20_0268_S153,emrC,0.0,0.0,False
DTU_2022_1016122_1_SI_N20_0303_S154,bcrABC,0.0,0.0,False
DTU_2022_1016122_1_SI_N20_0303_S154,qacH,0.0,0.0,False
DTU_2022_1016122_1_SI_N20_0303_S154,emrE,0.0,0.0,False
DTU_2022_1016122_1_SI_N20_0303_S154,emrC,0.0,0.0,False
DTU_2022_1016125_1_SI_N20_0384_S157,bcrABC,0.0,0.0,False
DTU_2022_1016125_1_SI_N20_0384_S157,qacH,0.0,0.0,False
DTU_2022_1016125_1_SI_N20_0384_S157,emrE,0.0,0.0,False
DTU_2022_1016125_1_SI_N20_0384_S157,emrC,0.0,0.0,False
DTU_2022_1016135_1_SI_L1029_S167,bcrABC,0.0,0.0,False
DTU_2022_1016135_1_SI_L1029_S167,qacH,0.0,0.0,False
DTU_2022_1016135_1_SI_L1029_S167,emrE,0.0,0.0,False
DTU_2022_1016135_1_SI_L1029_S167,emrC,0.0,0.0,False
DTU_2022_1016146_1_SI_L168_S178,bcrABC,0.0,0.0,False
DTU_2022_1016146_1_SI_L168_S178,qacH,0.0,0.0,False
DTU_2022_1016146_1_SI_L168_S178,emrE,0.0,0.0,False
DTU_2022_1016146_1_SI_L168_S178,emrC,0.0,0.0,False
DTU_2022_1016147_1_SI_L1682_S179,bcrABC,0.0,0.0,False
DTU_2022_1016147_1_SI_L1682_S179,qacH,0.0,0.0,False
DTU_2022_1016147_1_SI_L1682_S179,emrE,0.0,0.0,False
DTU_2022_1016147_1_SI_L1682_S179,emrC,0.0,0.0,False
DTU_2022_1016160_1_SI_L691_S192,bcrABC,0.0,0.0,False
DTU_2022_1016160_1_SI_L691_S192,qacH,0.0,0.0,False
DTU_2022_1016160_1_SI_L691_S192,emrE,0.0,0.0,False
DTU_2022_1016160_1_SI_L691_S192,emrC,0.0,0.0,False
DTU_2022_1016162_1_SI_L1907_S2,bcrABC,0.0,0.0,False
DTU_2022_1016162_1_SI_L1907_S2,qacH,0.0,0.0,False
DTU_2022_1016162_1_SI_L1907_S2,emrE,0.0,0.0,False
DTU_2022_1016162_1_SI_L1907_S2,emrC,0.0,0.0,False
DTU_2022_1016163_1_SI_L1908_S3,bcrABC,0.0,0.0,False
DTU_2022_1016163_1_SI_L1908_S3,qacH,0.0,0.0,False
DTU_2022_1016163_1_SI_L1908_S3,emrE,0.0,0.0,False
DTU_2022_1016163_1_SI_L1908_S3,emrC,0.0,0.0,False
DTU_2022_1016175_1_SI_L1920_S15,bcrABC,0.0,0.0,False
DTU_2022_1016175_1_SI_L1920_S15,qacH,0.0,0.0,False
DTU_2022_1016175_1_SI_L1920_S15,emrE,0.0,0.0,False
DTU_2022_1016175_1_SI_L1920_S15,emrC,0.0,0.0,False
DTU_2022_1016178_1_SI_L1923_S18,bcrABC,0.0,0.0,False
DTU_2022_1016178_1_SI_L1923_S18,qacH,0.0,0.0,False
DTU_2022_1016178_1_SI_L1923_S18,emrE,0.0,0.0,False
DTU_2022_1016178_1_SI_L1923_S18,emrC,0.0,0.0,False
DTU_2022_1016194_1_SI_L251_S34,bcrABC,0.0,0.0,False
DTU_2022_1016194_1_SI_L251_S34,qacH,0.0,0.0,False
DTU_2022_1016194_1_SI_L251_S34,emrE,0.0,0.0,False
DTU_2022_1016194_1_SI_L251_S34,emrC,0.0,0.0,False
DTU_2022_1016196_1_SI_L262_S36,bcrABC,0.0,0.0,False
DTU_2022_1016196_1_SI_L262_S36,qacH,0.0,0.0,False
DTU_2022_1016196_1_SI_L262_S36,emrE,0.0,0.0,False
DTU_2022_1016196_1_SI_L262_S36,emrC,0.0,0.0,False
DTU_2022_1016205_1_SI_L373_S45,bcrABC,0.0,0.0,False
DTU_2022_1016205_1_SI_L373_S45,qacH,0.0,0.0,False
DTU_2022_1016205_1_SI_L373_S45,emrE,0.0,0.0,False
DTU_2022_1016205_1_SI_L373_S45,emrC,0.0,0.0,False
DTU_2022_1016214_1_SI_L395_S54,bcrABC,0.0,0.0,False
DTU_2022_1016214_1_SI_L395_S54,qacH,0.0,0.0,False
DTU_2022_1016214_1_SI_L395_S54,emrE,0.0,0.0,False
DTU_2022_1016214_1_SI_L395_S54,emrC,0.0,0.0,False
DTU_2022_1016226_1_SI_L478_S66,bcrABC,0.0,0.0,False
DTU_2022_1016226_1_SI_L478_S66,qacH,0.0,0.0,False
DTU_2022_1016226_1_SI_L478_S66,emrE,0.0,0.0,False
DTU_2022_1016226_1_SI_L478_S66,emrC,0.0,0.0,False
DTU_2022_1016236_1_SI_L629_S76,bcrABC,0.0,0.0,False
DTU_2022_1016236_1_SI_L629_S76,qacH,0.0,0.0,False
DTU_2022_1016236_1_SI_L629_S76,emrE,0.0,0.0,False
DTU_2022_1016236_1_SI_L629_S76,emrC,0.0,0.0,False
DTU_2022_1016247_1_SI_L834_S87,bcrABC,0.0,0.0,False
DTU_2022_1016247_1_SI_L834_S87,qacH,0.0,0.0,False
DTU_2022_1016247_1_SI_L834_S87,emrE,0.0,0.0,False
DTU_2022_1016247_1_SI_L834_S87,emrC,0.0,0.0,False
DTU_2022_1016249_1_SI_L885_S89,bcrABC,0.0,0.0,False
DTU_2022_1016249_1_SI_L885_S89,qacH,0.0,0.0,False
DTU_2022_1016249_1_SI_L885_S89,emrE,0.0,0.0,False
DTU_2022_1016249_1_SI_L885_S89,emrC,0.0,0.0,False
DTU_2022_1016254_1_SI_L940_S94,bcrABC,0.0,0.0,False
DTU_2022_1016254_1_SI_L940_S94,qacH,0.0,0.0,False
DTU_2022_1016254_1_SI_L940_S94,emrE,0.0,0.0,False
DTU_2022_1016254_1_SI_L940_S94,emrC,0.0,0.0,False
DTU_2022_1016674_1_SI_65_S115,bcrABC,0.0,0.0,False
DTU_2022_1016674_1_SI_65_S115,qacH,0.0,0.0,False
DTU_2022_1016674_1_SI_65_S115,emrE,0.0,0.0,False
DTU_2022_1016674_1_SI_65_S115,emrC,0.0,0.0,False
DTU_2022_1016694_1_SI_1896_13_S135,bcrABC,0.0,0.0,False
DTU_2022_1016694_1_SI_1896_13_S135,qacH,0.0,0.0,False
DTU_2022_1016694_1_SI_1896_13_S135,emrE,0.0,0.0,False
DTU_2022_1016694_1_SI_1896_13_S135,emrC,0.0,0.0,False
DTU_2022_1016698_1_SI_721_13_S139,bcrABC,0.0,0.0,False
DTU_2022_1016698_1_SI_721_13_S139,qacH,0.0,0.0,False
DTU_2022_1016698_1_SI_721_13_S139,emrE,0.0,0.0,False
DTU_2022_1016698_1_SI_721_13_S139,emrC,0.0,0.0,False
DTU_2022_1016720_1_SI_OLM25_S2,bcrABC,0.0,0.0,False
DTU_2022_1016720_1_SI_OLM25_S2,qacH,0.0,0.0,False
DTU_2022_1016720_1_SI_OLM25_S2,emrE,0.0,0.0,False
DTU_2022_1016720_1_SI_OLM25_S2,emrC,0.0,0.0,False
DTU_2022_1016732_1_SI_OLM43_S14,bcrABC,0.0,0.0,False
DTU_2022_1016732_1_SI_OLM43_S14,qacH,0.0,0.0,False
DTU_2022_1016732_1_SI_OLM43_S14,emrE,0.0,0.0,False
DTU_2022_1016732_1_SI_OLM43_S14,emrC,0.0,0.0,False
DTU_2022_1016750_1_SI_OLM74_S32,bcrABC,0.0,0.0,False
DTU_2022_1016750_1_SI_OLM74_S32,qacH,0.0,0.0,False
DTU_2022_1016750_1_SI_OLM74_S32,emrE,0.0,0.0,False
DTU_2022_1016750_1_SI_OLM74_S32,emrC,0.0,0.0,False
DTU_2022_1016752_1_SI_OLM77_S34,bcrABC,0.0,0.0,False
DTU_2022_1016752_1_SI_OLM77_S34,qacH,0.0,0.0,False
DTU_2022_1016752_1_SI_OLM77_S34,emrE,0.0,0.0,False
DTU_2022_1016752_1_SI_OLM77_S34,emrC,0.0,0.0,False
DTU_2022_1016754_1_SI_OLM80_S36,bcrABC,0.0,0.0,False
DTU_2022_1016754_1_SI_OLM80_S36,qacH,0.0,0.0,False
DTU_2022_1016754_1_SI_OLM80_S36,emrE,0.0,0.0,False
DTU_2022_1016754_1_SI_OLM80_S36,emrC,0.0,0.0,False
DTU_2022_1016764_1_SI_OLM115_S46,bcrABC,0.0,0.0,False
DTU_2022_1016764_1_SI_OLM115_S46,qacH,0.0,0.0,False
DTU_2022_1016764_1_SI_OLM115_S46,emrE,0.0,0.0,False
DTU_2022_1016764_1_SI_OLM115_S46,emrC,0.0,0.0,False
DTU_2022_1016767_1_SI_OLM118_S49,bcrABC,0.0,0.0,False
DTU_2022_1016767_1_SI_OLM118_S49,qacH,0.0,0.0,False
DTU_2022_1016767_1_SI_OLM118_S49,emrE,0.0,0.0,False
DTU_2022_1016767_1_SI_OLM118_S49,emrC,0.0,0.0,False
DTU_2022_1016780_1_SI_OLM142_S62,bcrABC,0.0,0.0,False
DTU_2022_1016780_1_SI_OLM142_S62,qacH,0.0,0.0,False
DTU_2022_1016780_1_SI_OLM142_S62,emrE,0.0,0.0,False
DTU_2022_1016780_1_SI_OLM142_S62,emrC,0.0,0.0,False
DTU_2022_1016786_1_SI_OLM153_S68,bcrABC,0.0,0.0,False
DTU_2022_1016786_1_SI_OLM153_S68,qacH,0.0,0.0,False
DTU_2022_1016786_1_SI_OLM153_S68,emrE,0.0,0.0,False
DTU_2022_1016786_1_SI_OLM153_S68,emrC,0.0,0.0,False
DTU_2022_1016830_1_SI_JJ31_S112,bcrABC,0.0,0.0,False
DTU_2022_1016830_1_SI_JJ31_S112,qacH,0.0,0.0,False
DTU_2022_1016830_1_SI_JJ31_S112,emrE,0.0,0.0,False
DTU_2022_1016830_1_SI_JJ31_S112,emrC,0.0,0.0,False
DTU_2022_1016840_1_SI_SK3564_S122,bcrABC,0.0,0.0,False
DTU_2022_1016840_1_SI_SK3564_S122,qacH,0.0,0.0,False
DTU_2022_1016840_1_SI_SK3564_S122,emrE,0.0,0.0,False
DTU_2022_1016840_1_SI_SK3564_S122,emrC,0.0,0.0,False
DTU_2022_1016844_1_SI_SKB102_S126,bcrABC,0.0,0.0,False
DTU_2022_1016844_1_SI_SKB102_S126,qacH,0.0,0.0,False
DTU_2022_1016844_1_SI_SKB102_S126,emrE,0.0,0.0,False
DTU_2022_1016844_1_SI_SKB102_S126,emrC,0.0,0.0,False
DTU_2022_1016849_1_SI_SKB117_S131,bcrABC,0.0,0.0,False
DTU_2022_1016849_1_SI_SKB117_S131,qacH,0.0,0.0,False
DTU_2022_1016849_1_SI_SKB117_S131,emrE,0.0,0.0,False
DTU_2022_1016849_1_SI_SKB117_S131,emrC,0.0,0.0,False
DTU_2022_1016850_1_SI_SKB43_S132,bcrABC,0.0,0.0,False
DTU_2022_1016850_1_SI_SKB43_S132,qacH,0.0,0.0,False
DTU_2022_1016850_1_SI_SKB43_S132,emrE,0.0,0.0,False
DTU_2022_1016850_1_SI_SKB43_S132,emrC,0.0,0.0,False
DTU_2022_1016862_1_SI_SK2747_S144,bcrABC,0.0,0.0,False
DTU_2022_1016862_1_SI_SK2747_S144,qacH,0.0,0.0,False
DTU_2022_1016862_1_SI_SK2747_S144,emrE,0.0,0.0,False
DTU_2022_1016862_1_SI_SK2747_S144,emrC,0.0,0.0,False
DTU_2022_1016865_1_SI_SK3825_S147,bcrABC,0.0,0.0,False
DTU_2022_1016865_1_SI_SK3825_S147,qacH,0.0,0.0,False
DTU_2022_1016865_1_SI_SK3825_S147,emrE,0.0,0.0,False
DTU_2022_1016865_1_SI_SK3825_S147,emrC,0.0,0.0,False
DTU_2022_1016870_1_SI_SK3828_S152,bcrABC,0.0,0.0,False
DTU_2022_1016870_1_SI_SK3828_S152,qacH,0.0,0.0,False
DTU_2022_1016870_1_SI_SK3828_S152,emrE,0.0,0.0,False
DTU_2022_1016870_1_SI_SK3828_S152,emrC,0.0,0.0,False
DTU_2022_1016885_1_SI_LV0215_S167,bcrABC,0.0,0.0,False
DTU_2022_1016885_1_SI_LV0215_S167,qacH,0.0,0.0,False
DTU_2022_1016885_1_SI_LV0215_S167,emrE,0.0,0.0,False
DTU_2022_1016885_1_SI_LV0215_S167,emrC,0.0,0.0,False
ERR1432968,bcrABC,0.0,0.0,False
ERR1432968,qacH,0.0,0.0,False
ERR1432968,emrE,0.0,0.0,False
ERR1432968,emrC,0.0,0.0,False
ERR1432970,bcrABC,0.0,0.0,False
ERR1432970,qacH,0.0,0.0,False
ERR1432970,emrE,0.0,0.0,False
ERR1432970,emrC,0.0,0.0,False
ERR4648152,bcrABC,0.0,0.0,False
ERR4648152,qacH,0.0,0.0,False
ERR4648152,emrE,0.0,0.0,False
ERR4648152,emrC,0.0,0.0,False
ERR4648190,bcrABC,0.0,0.0,False
ERR4648190,qacH,0.0,0.0,False
ERR4648190,emrE,0.0,0.0,False
ERR4648190,emrC,0.0,0.0,False
L1030,bcrABC,0.0,0.0,False
L1030,qacH,0.0,0.0,False
L1030,emrE,0.0,0.0,False
L1030,emrC,0.0,0.0,False
L1064,bcrABC,0.0,0.0,False
L1064,qacH,0.0,0.0,False
L1064,emrE,0.0,0.0,False
L1064,emrC,0.0,0.0,False
L1174,bcrABC,0.0,0.0,False
L1174,qacH,0.0,0.0,False
L1174,emrE,0.0,0.0,False
L1174,emrC,0.0,0.0,False
L1184,bcrABC,0.0,0.0,False
L1184,qacH,0.0,0.0,False
L1184,emrE,0.0,0.0,False
L1184,emrC,0.0,0.0,False
L1509,bcrABC,0.0,0.0,False
L1509,qacH,0.0,0.0,False
L1509,emrE,0.0,0.0,False
L1509,emrC,0.0,0.0,False
L1704,bcrABC,0.0,0.0,False
L1704,qacH,0.0,0.0,False
L1704,emrE,0.0,0.0,False
L1704,emrC,0.0,0.0,False
M09_S33,bcrABC,0.0,0.0,False
M09_S33,qacH,0.0,0.0,False
M09_S33,emrE,0.0,0.0,False
M09_S33,emrC,0.0,0.0,False
M14_S28,bcrABC,0.0,0.0,False
M14_S28,qacH,0.0,0.0,False
M14_S28,emrE,0.0,0.0,False
M14_S28,emrC,0.0,0.0,False
MF2181_S4,bcrABC,0.0,0.0,False
MF2181_S4,qacH,0.0,0.0,False
MF2181_S4,emrE,0.0,0.0,False
MF2181_S4,emrC,0.0,0.0,False
MF4601_S18,bcrABC,0.0,0.0,False
MF4601_S18,qacH,0.0,0.0,False
MF4601_S18,emrE,0.0,0.0,False
MF4601_S18,emrC,0.0,0.0,False
MF4991_S19,bcrABC,0.0,0.0,False
MF4991_S19,qacH,0.0,0.0,False
MF4991_S19,emrE,0.0,0.0,False
MF4991_S19,emrC,0.0,0.0,False
MF5646_S17,bcrABC,0.0,0.0,False
MF5646_S17,qacH,0.0,0.0,False
MF5646_S17,emrE,0.0,0.0,False
MF5646_S17,emrC,0.0,0.0,False
MF6207,bcrABC,0.0,0.0,False
MF6207,qacH,0.0,0.0,False
MF6207,emrE,0.0,0.0,False
MF6207,emrC,0.0,0.0,False
MF7678_S20,bcrABC,0.0,0.0,False
MF7678_S20,qacH,0.0,0.0,False
MF7678_S20,emrE,0.0,0.0,False
MF7678_S20,emrC,0.0,0.0,False
MF7703_S9,bcrABC,0.0,0.0,False
MF7703_S9,qacH,0.0,0.0,False
MF7703_S9,emrE,0.0,0.0,False
MF7703_S9,emrC,0.0,0.0,False
MF7730_S12,bcrABC,0.0,0.0,False
MF7730_S12,qacH,0.0,0.0,False
MF7730_S12,emrE,0.0,0.0,False
MF7730_S12,emrC,0.0,0.0,False
MF7748_S21,bcrABC,0.0,0.0,False
MF7748_S21,qacH,0.0,0.0,False
MF7748_S21,emrE,0.0,0.0,False
MF7748_S21,emrC,0.0,0.0,False
S25_AGGCAGAA-AAGGCTAT,bcrABC,0.0,0.0,False
S25_AGGCAGAA-AAGGCTAT,qacH,0.0,0.0,False
S25_AGGCAGAA-AAGGCTAT,emrE,0.0,0.0,False
S25_AGGCAGAA-AAGGCTAT,emrC,0.0,0.0,False
S30_TCCTGAGC-CCTAGAGT,bcrABC,0.0,0.0,False
S30_TCCTGAGC-CCTAGAGT,qacH,0.0,0.0,False
S30_TCCTGAGC-CCTAGAGT,emrE,0.0,0.0,False
S30_TCCTGAGC-CCTAGAGT,emrC,0.0,0.0,False
S34_TCCTGAGC-GAGCCTTA,bcrABC,0.0,0.0,False
S34_TCCTGAGC-GAGCCTTA,qacH,0.0,0.0,False
S34_TCCTGAGC-GAGCCTTA,emrE,0.0,0.0,False
S34_TCCTGAGC-GAGCCTTA,emrC,0.0,0.0,False
S38_GGACTCCT-CCTAGAGT,bcrABC,0.0,0.0,False
S38_GGACTCCT-CCTAGAGT,qacH,0.0,0.0,False
S38_GGACTCCT-CCTAGAGT,emrE,0.0,0.0,False
S38_GGACTCCT-CCTAGAGT,emrC,0.0,0.0,False
S50_TAGGCATG-GAGCCTTA,bcrABC,0.0,0.0,False
S50_TAGGCATG-GAGCCTTA,qacH,0.0,0.0,False
S50_TAGGCATG-GAGCCTTA,emrE,0.0,0.0,False
S50_TAGGCATG-GAGCCTTA,emrC,0.0,0.0,False
V10_S13,bcrABC,0.0,0.0,False
V10_S13,qacH,0.0,0.0,False
V10_S13,emrE,0.0,0.0,False
V10_S13,emrC,0.0,0.0,False
seq-Lm-Ro09-10m_S37,bcrABC,0.0,0.0,False
seq-Lm-Ro09-10m_S37,qacH,0.0,0.0,False
seq-Lm-Ro09-10m_S37,emrE,0.0,0.0,False
seq-Lm-Ro09-10m_S37,emrC,0.0,0.0,False
15076729-01_S23,bcrABC,0.0,0.0,False
15076729-01_S23,qacH,91.27,1.0,True
15076729-01_S23,emrE,0.0,0.0,False
15076729-01_S23,emrC,0.0,0.0,False
17059009-01_S24,bcrABC,0.0,0.0,False
17059009-01_S24,qacH,91.27,1.0,True
17059009-01_S24,emrE,0.0,0.0,False
17059009-01_S24,emrC,0.0,0.0,False
DTU_2021_1010560_1_SI_LT13_S109,bcrABC,99.929,1.0,True
DTU_2021_1010560_1_SI_LT13_S109,qacH,0.0,0.0,False
DTU_2021_1010560_1_SI_LT13_S109,emrE,0.0,0.0,False
DTU_2021_1010560_1_SI_LT13_S109,emrC,0.0,0.0,False
DTU_2022_1015286_1_SI_158A_S5,bcrABC,99.858,1.0,True
DTU_2022_1015286_1_SI_158A_S5,qacH,0.0,0.0,False
DTU_2022_1015286_1_SI_158A_S5,emrE,0.0,0.0,False
DTU_2022_1015286_1_SI_158A_S5,emrC,0.0,0.0,False
DTU_2022_1015299_1_SI_360b1_S17,bcrABC,99.858,1.0,True
DTU_2022_1015299_1_SI_360b1_S17,qacH,0.0,0.0,False
DTU_2022_1015299_1_SI_360b1_S17,emrE,0.0,0.0,False
DTU_2022_1015299_1_SI_360b1_S17,emrC,0.0,0.0,False
DTU_2022_1015437_1_SI_6269_S156,bcrABC,0.0,0.0,False
DTU_2022_1015437_1_SI_6269_S156,qacH,91.534,1.0,True
DTU_2022_1015437_1_SI_6269_S156,emrE,0.0,0.0,False
DTU_2022_1015437_1_SI_6269_S156,emrC,0.0,0.0,False
DTU_2022_1015450_1_SI_15502_S169,bcrABC,0.0,0.0,False
DTU_2022_1015450_1_SI_15502_S169,qacH,91.27,1.0,True
DTU_2022_1015450_1_SI_15502_S169,emrE,0.0,0.0,False
DTU_2022_1015450_1_SI_15502_S169,emrC,0.0,0.0,False
DTU_2022_1015550_1_SI_55,bcrABC,0.0,0.0,False
DTU_2022_1015550_1_SI_55,qacH,91.27,1.0,True
DTU_2022_1015550_1_SI_55,emrE,0.0,0.0,False
DTU_2022_1015550_1_SI_55,emrC,0.0,0.0,False
DTU_2022_1015577_1_SI_82,bcrABC,0.0,0.0,False
DTU_2022_1015577_1_SI_82,qacH,91.27,1.0,True
DTU_2022_1015577_1_SI_82,emrE,0.0,0.0,False
DTU_2022_1015577_1_SI_82,emrC,0.0,0.0,False
DTU_2022_1015602_1_SI_107,bcrABC,0.0,0.0,False
DTU_2022_1015602_1_SI_107,qacH,91.27,1.0,True
DTU_2022_1015602_1_SI_107,emrE,0.0,0.0,False
DTU_2022_1015602_1_SI_107,emrC,0.0,0.0,False
DTU_2022_1015603_1_SI_108,bcrABC,0.0,0.0,False
DTU_2022_1015603_1_SI_108,qacH,91.27,1.0,True
DTU_2022_1015603_1_SI_108,emrE,0.0,0.0,False
DTU_2022_1015603_1_SI_108,emrC,0.0,0.0,False
DTU_2022_1015687_1_SI_MF5236,bcrABC,0.0,0.0,False
DTU_2022_1015687_1_SI_MF5236,qacH,91.27,1.0,True
DTU_2022_1015687_1_SI_MF5236,emrE,0.0,0.0,False
DTU_2022_1015687_1_SI_MF5236,emrC,0.0,0.0,False
DTU_2022_1015696_1_SI_MF5994,bcrABC,0.0,0.0,False
DTU_2022_1015696_1_SI_MF5994,qacH,91.27,1.0,True
DTU_2022_1015696_1_SI_MF5994,emrE,0.0,0.0,False
DTU_2022_1015696_1_SI_MF5994,emrC,0.0,0.0,False
DTU_2022_1015718_1_SI_MF7631,bcrABC,0.0,0.0,False
DTU_2022_1015718_1_SI_MF7631,qacH,92.063,1.0,True
DTU_2022_1015718_1_SI_MF7631,emrE,0.0,0.0,False
DTU_2022_1015718_1_SI_MF7631,emrC,0.0,0.0,False
DTU_2022_1015736_1_SI_6031_S140,bcrABC,0.0,0.0,False
DTU_2022_1015736_1_SI_6031_S140,qacH,91.27,1.0,True
DTU_2022_1015736_1_SI_6031_S140,emrE,0.0,0.0,False
DTU_2022_1015736_1_SI_6031_S140,emrC,0.0,0.0,False
DTU_2022_1015738_1_SI_6033_S142,bcrABC,0.0,0.0,False
DTU_2022_1015738_1_SI_6033_S142,qacH,91.27,1.0,True
DTU_2022_1015738_1_SI_6033_S142,emrE,0.0,0.0,False
DTU_2022_1015738_1_SI_6033_S142,emrC,0.0,0.0,False
DTU_2022_1015791_1_SI_6100,bcrABC,0.0,0.0,False
DTU_2022_1015791_1_SI_6100,qacH,91.27,1.0,True
DTU_2022_1015791_1_SI_6100,emrE,0.0,0.0,False
DTU_2022_1015791_1_SI_6100,emrC,0.0,0.0,False
DTU_2022_1015856_1_SI_CDL64,bcrABC,0.0,0.0,False
DTU_2022_1015856_1_SI_CDL64,qacH,91.27,1.0,True
DTU_2022_1015856_1_SI_CDL64,emrE,0.0,0.0,False
DTU_2022_1015856_1_SI_CDL64,emrC,0.0,0.0,False
DTU_2022_1015931_1_SI_7079,bcrABC,0.0,0.0,False
DTU_2022_1015931_1_SI_7079,qacH,91.27,1.0,True
DTU_2022_1015931_1_SI_7079,emrE,0.0,0.0,False
DTU_2022_1015931_1_SI_7079,emrC,0.0,0.0,False
DTU_2022_1015941_1_SI_7534,bcrABC,0.0,0.0,False
DTU_2022_1015941_1_SI_7534,qacH,91.27,1.0,True
DTU_2022_1015941_1_SI_7534,emrE,0.0,0.0,False
DTU_2022_1015941_1_SI_7534,emrC,0.0,0.0,False
DTU_2022_1015943_1_SI_7587,bcrABC,0.0,0.0,False
DTU_2022_1015943_1_SI_7587,qacH,91.27,1.0,True
DTU_2022_1015943_1_SI_7587,emrE,0.0,0.0,False
DTU_2022_1015943_1_SI_7587,emrC,0.0,0.0,False
DTU_2022_1015973_1_SI_6594_S5,bcrABC,99.858,1.0,True
DTU_2022_1015973_1_SI_6594_S5,qacH,0.0,0.0,False
DTU_2022_1015973_1_SI_6594_S5,emrE,0.0,0.0,False
DTU_2022_1015973_1_SI_6594_S5,emrC,0.0,0.0,False
DTU_2022_1015976_1_SI_59_6_1_S8,bcrABC,0.0,0.0,False
DTU_2022_1015976_1_SI_59_6_1_S8,qacH,91.27,1.0,True
DTU_2022_1015976_1_SI_59_6_1_S8,emrE,0.0,0.0,False
DTU_2022_1015976_1_SI_59_6_1_S8,emrC,0.0,0.0,False
DTU_2022_1015982_1_SI_N20_0558_S14,bcrABC,0.0,0.0,False
DTU_2022_1015982_1_SI_N20_0558_S14,qacH,91.534,1.0,True
DTU_2022_1015982_1_SI_N20_0558_S14,emrE,0.0,0.0,False
DTU_2022_1015982_1_SI_N20_0558_S14,emrC,0.0,0.0,False
DTU_2022_1015989_1_SI_N20_0749_S21,bcrABC,0.0,0.0,False
DTU_2022_1015989_1_SI_N20_0749_S21,qacH,91.27,1.0,True
DTU_2022_1015989_1_SI_N20_0749_S21,emrE,0.0,0.0,False
DTU_2022_1015989_1_SI_N20_0749_S21,emrC,0.0,0.0,False
DTU_2022_1015995_1_SI_N20_0843_S27,bcrABC,99.858,1.0,True
DTU_2022_1015995_1_SI_N20_0843_S27,qacH,0.0,0.0,False
DTU_2022_1015995_1_SI_N20_0843_S27,emrE,0.0,0.0,False
DTU_2022_1015995_1_SI_N20_0843_S27,emrC,0.0,0.0,False
DTU_2022_1016002_1_SI_N20_0960_S34,bcrABC,0.0,0.0,False
DTU_2022_1016002_1_SI_N20_0960_S34,qacH,91.27,1.0,True
DTU_2022_1016002_1_SI_N20_0960_S34,emrE,0.0,0.0,False
DTU_2022_1016002_1_SI_N20_0960_S34,emrC,0.0,0.0,False
DTU_2022_1016074_1_SI_N19_0368_S106,bcrABC,0.0,0.0,False
DTU_2022_1016074_1_SI_N19_0368_S106,qacH,91.534,1.0,True
DTU_2022_1016074_1_SI_N19_0368_S106,emrE,0.0,0.0,False
DTU_2022_1016074_1_SI_N19_0368_S106,emrC,0.0,0.0,False
DTU_2022_1016081_1_SI_N19_0790_S113,bcrABC,0.0,0.0,False
DTU_2022_1016081_1_SI_N19_0790_S113,qacH,91.27,1.0,True
DTU_2022_1016081_1_SI_N19_0790_S113,emrE,0.0,0.0,False
DTU_2022_1016081_1_SI_N19_0790_S113,emrC,0.0,0.0,False
DTU_2022_1016085_1_SI_N19_1453_S117,bcrABC,0.0,0.0,False
DTU_2022_1016085_1_SI_N19_1453_S117,qacH,91.27,1.0,True
DTU_2022_1016085_1_SI_N19_1453_S117,emrE,0.0,0.0,False
DTU_2022_1016085_1_SI_N19_1453_S117,emrC,0.0,0.0,False
DTU_2022_1016117_1_SI_N20_0149_S149,bcrABC,0.0,0.0,False
DTU_2022_1016117_1_SI_N20_0149_S149,qacH,91.27,1.0,True
DTU_2022_1016117_1_SI_N20_0149_S149,emrE,0.0,0.0,False
DTU_2022_1016117_1_SI_N20_0149_S149,emrC,0.0,0.0,False
DTU_2022_1016191_1_SI_L231_S31,bcrABC,0.0,0.0,False
DTU_2022_1016191_1_SI_L231_S31,qacH,91.27,1.0,True
DTU_2022_1016191_1_SI_L231_S31,emrE,0.0,0.0,False
DTU_2022_1016191_1_SI_L231_S31,emrC,0.0,0.0,False
DTU_2022_1016193_1_SI_L246_S33,bcrABC,0.0,0.0,False
DTU_2022_1016193_1_SI_L246_S33,qacH,0.0,0.0,False
DTU_2022_1016193_1_SI_L246_S33,emrE,0.0,0.0,False
DTU_2022_1016193_1_SI_L246_S33,emrC,0.0,0.0,False
DTU_2022_1016666_1_SI_1883_S185,bcrABC,0.0,0.0,False
DTU_2022_1016666_1_SI_1883_S185,qacH,0.0,0.0,False
DTU_2022_1016666_1_SI_1883_S185,emrE,0.0,0.0,False
DTU_2022_1016666_1_SI_1883_S185,emrC,0.0,0.0,False
DTU_2022_1016702_1_SI_993_13_S143,bcrABC,0.0,0.0,False
DTU_2022_1016702_1_SI_993_13_S143,qacH,91.27,1.0,True
DTU_2022_1016702_1_SI_993_13_S143,emrE,0.0,0.0,False
DTU_2022_1016702_1_SI_993_13_S143,emrC,0.0,0.0,False
ERR1432983,bcrABC,0.0,0.0,False
ERR1432983,qacH,91.27,1.0,True
ERR1432983,emrE,0.0,0.0,False
ERR1432983,emrC,0.0,0.0,False
L1751,bcrABC,0.0,0.0,False
L1751,qacH,0.0,0.0,False
L1751,emrE,0.0,0.0,False
L1751,emrC,0.0,0.0,False
MF6316,bcrABC,0.0,0.0,False
MF6316,qacH,92.063,1.0,True
MF6316,emrE,0.0,0.0,False
MF6316,emrC,0.0,0.0,False
S147_ATGCGCAG-CCTAGAGT,bcrABC,99.929,1.0,True
S147_ATGCGCAG-CCTAGAGT,qacH,0.0,0.0,False
S147_ATGCGCAG-CCTAGAGT,emrE,0.0,0.0,False
S147_ATGCGCAG-CCTAGAGT,emrC,0.0,0.0,False
S92_GCTCATGA-AAGGCTAT,bcrABC,0.0,0.0,False
S92_GCTCATGA-AAGGCTAT,qacH,0.0,0.0,False
S92_GCTCATGA-AAGGCTAT,emrE,0.0,0.0,False
S92_GCTCATGA-AAGGCTAT,emrC,100.0,1.0,True
SRR10859000,bcrABC,99.858,1.0,True
SRR10859000,qacH,0.0,0.0,False
SRR10859000,emrE,0.0,0.0,False
SRR10859000,emrC,0.0,0.0,False
SRR11362111,bcrABC,0.0,0.0,False
SRR11362111,qacH,100.0,1.0,True
SRR11362111,emrE,0.0,0.0,False
SRR11362111,emrC,0.0,0.0,False
SRR12403617,bcrABC,99.431,1.0,True
SRR12403617,qacH,0.0,0.0,False
SRR12403617,emrE,0.0,0.0,False
SRR12403617,emrC,0.0,0.0,False
SRR14204194,bcrABC,0.0,0.0,False
SRR14204194,qacH,0.0,0.0,False
SRR14204194,emrE,0.0,0.0,False
SRR14204194,emrC,100.0,1.0,True
V06_S43,bcrABC,0.0,0.0,False
V06_S43,qacH,91.27,1.0,True
V06_S43,emrE,0.0,0.0,False
V06_S43,emrC,0.0,0.0,False
