model,threshold_selected_on_dev,balanced_accuracy,roc_auc,brier_score,seed
dummy_prior,0.0,0.5,0.5,0.15047295452700857,42
qac_known_gene_rule,1.0,1.0,1.0,0.0,42
qac_feature_logistic_l2,0.9696541605738,0.9285714285714286,0.9285714285714286,0.024706803961497766,42
qac_feature_logistic_l1,0.9454552909986192,0.9285714285714286,0.9285714285714286,0.0238294313983662,42
qac_feature_logistic_elasticnet,0.9581263463234861,0.9285714285714286,0.9285714285714286,0.024277832656484342,42
kmer_l2_score,0.496870165809571,0.48841698841698844,0.61003861003861,0.24775642782897114,42
dnabert2_elasticnet_score,0.4943571388721466,0.49034749034749037,0.5984555984555984,0.1978574174300295,42
stack_kmer_dnabert2_qac_l2,0.9523804253117596,0.9285714285714286,1.0,0.020612303250876582,42
dummy_prior,0.0,0.5,0.5,0.1267454350161117,43
qac_known_gene_rule,1.0,0.875,0.875,0.02631578947368421,43
qac_feature_logistic_l2,0.9733046887049862,0.625,0.625,0.07262880291730947,43
qac_feature_logistic_l1,0.9776768670205478,0.625,0.625,0.07291762424665768,43
qac_feature_logistic_elasticnet,0.9751313569866157,0.625,0.625,0.07272791586283685,43
kmer_l2_score,0.503835489702828,0.5514705882352942,0.5808823529411764,0.24869941858412792,43
dnabert2_elasticnet_score,0.42223095893859863,0.6764705882352942,0.6470588235294118,0.13473031985411282,43
stack_kmer_dnabert2_qac_l2,0.9459211610166899,0.875,0.875,0.026055460643011813,43
dummy_prior,0.0,0.5,0.5,0.15454815695600477,44
qac_known_gene_rule,1.0,1.0,1.0,0.0,44
qac_feature_logistic_l2,0.9717821601036568,0.9285714285714286,0.9285714285714286,0.026419067324172884,44
qac_feature_logistic_l1,0.9489338758748546,0.9285714285714286,0.9285714285714286,0.025689263676764697,44
qac_feature_logistic_elasticnet,0.9608957394588171,0.9285714285714286,0.9285714285714286,0.026060462952634124,44
kmer_l2_score,0.4965501488621008,0.49783549783549785,0.6103896103896103,0.24746475281298838,44
dnabert2_elasticnet_score,0.41600295901298523,0.6082251082251082,0.619047619047619,0.19014238412331103,44
stack_kmer_dnabert2_qac_l2,0.9551572778508132,0.9285714285714286,1.0,0.021295762215039867,44
dummy_prior,0.0,0.5,0.5,0.14618239452643805,45
qac_known_gene_rule,1.0,0.9285714285714286,0.9285714285714286,0.022222222222222223,45
qac_feature_logistic_l2,0.972159489266197,0.9285714285714286,0.9285714285714286,0.024043424164891747,45
qac_feature_logistic_l1,0.9493120487944338,0.9285714285714286,0.9285714285714286,0.023466321616339766,45
qac_feature_logistic_elasticnet,0.9612964047015036,0.8571428571428572,0.9285714285714286,0.0237563177933669,45
kmer_l2_score,0.5035510445338346,0.46616541353383456,0.4887218045112782,0.2490920215620929,45
dnabert2_elasticnet_score,0.6094018816947937,0.42105263157894735,0.4323308270676691,0.21876147653164088,45
stack_kmer_dnabert2_qac_l2,0.9451918935573742,0.9285714285714286,0.9135338345864661,0.022504173169967296,45
dummy_prior,0.0,0.5,0.5,0.14991723024964024,46
qac_known_gene_rule,1.0,1.0,1.0,0.0,46
qac_feature_logistic_l2,0.9709593365184613,0.9166666666666667,0.9166666666666667,0.02825043008682164,46
qac_feature_logistic_l1,0.947589231939007,0.9166666666666667,0.9166666666666667,0.027477049265035768,46
qac_feature_logistic_elasticnet,0.9598526617137444,0.9166666666666667,0.9166666666666667,0.0278711266655397,46
kmer_l2_score,0.49675104421021626,0.45967741935483875,0.564516129032258,0.24801789555056122,46
dnabert2_elasticnet_score,0.45047086477279663,0.6532258064516129,0.6129032258064516,0.19929079693060522,46
stack_kmer_dnabert2_qac_l2,0.9452428360716981,0.9166666666666667,1.0,0.017090897015141538,46
