model,threshold_selected_on_dev,balanced_accuracy,roc_auc,brier_score,train_isolates,dev_isolates,test_isolates,test_sensitive,test_tolerant,seed
dummy_prior,0.0,0.5,0.5,0.15047295452700857,111,42,44,37,7,42
dnabert2_logistic_l2,0.5077539185380532,0.5482625482625483,0.61003861003861,0.2350084662336274,111,42,44,37,7,42
dnabert2_logistic_l1,0.0,0.5,0.5521235521235521,0.18920576156561397,111,42,44,37,7,42
dnabert2_logistic_elasticnet,0.4943571388721466,0.49034749034749037,0.5984555984555984,0.1978574174300295,111,42,44,37,7,42
dummy_prior,0.0,0.5,0.5,0.1267454350161117,126,33,38,34,4,43
dnabert2_logistic_l2,0.009644649682003983,0.5367647058823529,0.5955882352941176,0.14958671701831722,126,33,38,34,4,43
dnabert2_logistic_l1,0.47666358947753906,0.6764705882352942,0.6470588235294118,0.13346995234310272,126,33,38,34,4,43
dnabert2_logistic_elasticnet,0.42223095893859863,0.6764705882352942,0.6470588235294118,0.13473031985411282,126,33,38,34,4,43
dummy_prior,0.0,0.5,0.5,0.15454815695600477,116,41,40,33,7,44
dnabert2_logistic_l2,0.9851361634191819,0.48484848484848486,0.5800865800865801,0.2573226159735212,116,41,40,33,7,44
dnabert2_logistic_l1,0.12951412796974182,0.5021645021645021,0.6233766233766234,0.17212997875159672,116,41,40,33,7,44
dnabert2_logistic_elasticnet,0.41600295901298523,0.6082251082251082,0.619047619047619,0.19014238412331103,116,41,40,33,7,44
dummy_prior,0.0,0.5,0.5,0.14618239452643805,119,33,45,38,7,45
dnabert2_logistic_l2,0.01936328349987738,0.38533834586466165,0.4323308270676692,0.22022574336242096,119,33,45,38,7,45
dnabert2_logistic_l1,0.5696008205413818,0.5056390977443609,0.39473684210526316,0.22872033104813644,119,33,45,38,7,45
dnabert2_logistic_elasticnet,0.6094018816947937,0.42105263157894735,0.4323308270676691,0.21876147653164088,119,33,45,38,7,45
dummy_prior,0.0,0.5,0.5,0.14991723024964024,114,46,37,31,6,46
dnabert2_logistic_l2,0.35788787713656584,0.521505376344086,0.5161290322580645,0.2700168723377256,114,46,37,31,6,46
dnabert2_logistic_l1,0.06910194456577301,0.543010752688172,0.6182795698924731,0.18904506139786947,114,46,37,31,6,46
dnabert2_logistic_elasticnet,0.45047086477279663,0.6532258064516129,0.6129032258064516,0.19929079693060522,114,46,37,31,6,46
