study_key,citation_short,organism,table_index,caption,rows,max_columns,mentions_biocide,mentions_accession,looks_row_level,preview
ab_2017,"Lin et al. 2017, Frontiers in Microbiology",Acinetobacter baumannii,0,Clinical characteristics of 47 patient A. baumannii isolates used in this study.,6,8,False,False,False,Gender Total number [ n (%)] Source Total number [ n (%)] Department Total number [ n (%)] Age (years) Total number [ n (%)] Male 30 (63.83%) Blood 1 (2.13%) Intensive care unit 22 (46.81%) 21–60 10 (21.28%) Female 17 (36.17%) Sputum 42 (89.36%) Respiratory 9 (19.15%) 60–70 15 (31.91%)   Swab 4 (8.51%) Neurosurgery 6 (12.77%) >70 22 (46.81%)     Infectious diseases department 1 (2.13%)       Other wards 9 (19.15%)  
ab_2017,"Lin et al. 2017, Frontiers in Microbiology",Acinetobacter baumannii,1,Antimicrobial susceptibility of the clinical isolates of A. baumannii ( n = 47) a .,25,7,False,False,False,"Antimicrobial agents MIC (μg/mL) S (%) I (%) R (%)  MIC range MIC 50 MIC 90    ANTIBIOTICS Ceftazidime 16–1,024 128 256 0 36.17 63.83 Cefotaxime 4–256 64 128 31.91 2.13 65.96 Ceftriaxone 8–512 128 256 17.02 19.15 63.83"
ab_2017,"Lin et al. 2017, Frontiers in Microbiology",Acinetobacter baumannii,2,Distribution of 12 antimicrobial resistance genes and the MIC values of biocides for 47 clinical isolates of A. baumannii a .,19,19,True,False,True,"Isolate N (%) Gene distribution MICs (μg/mL except those specified)  adeB adeG adeJ adeT1 adeT2 abeD amvA abeM aceI qacE qacEΔ1 fabI TRI CLA BZK SH H 2 O 2 (mM) EtOH (%, v/v) 22 (47%) + + + + + + + + + + + + 8–128 16–128 8–32 160–640 47–188 7.5–15 4 (8.5%) + + + + + + + + + - – + 8–128 16–64 8–16 320 47 7.5–15 4 (8.5%) + + + – + + + + + – – + 4->256 8–64 4–16 320–640 47–94 7.5–22.5 3 (6.4%) + + + + + + + + + + – + 32–128 8–32 8 320–640 47–94 7.5–15"
ab_2017,"Lin et al. 2017, Frontiers in Microbiology",Acinetobacter baumannii,3,"The expression of drug resistance transporter genes adeB, adeG, adeJ, abeM , and aceI and triclosan target gene fabI in triclosan- and/or chlorhexidine-resistant isolates of A. baumannii a .",33,10,False,False,True,Isolate Antibiotic susceptibility b MIC (μg/mL) c Relative Gene expression   TRI CLA adeB adeG adeJ abeM aceI fabI AB01 S 16 32 0.00 0.20 0.17 0.32 1.01 0.26 AB03 MDR 128 64 0.30 0.08 0.42 0.70 0.29 1.23 AB07 MDR 128 16 0.10 1.11 1.08 1.05 0.62 0.76 AB08 MDR 8 128 0.23 0.27 0.81 1.27 0.34 0.57
ab_2017,"Lin et al. 2017, Frontiers in Microbiology",Acinetobacter baumannii,4,"Triclosan- or chlorhexidine-induced expression of drug resistance transporter genes adeB, adeJ, adeG, abeM , and aceI and triclosan target gene fabI .",5,11,True,False,False,Isolates Triclosan-induced expression Chlorhexidine-induced expression ( n = 24) a adeB adeG adeJ abeM fabI adeB adeG adeJ abeM aceI Induced 0.93 ± 0.99 2.05 ± 2.72 2.08 ± 3.45 1.52 ± 1.45 2.11 ± 2.25 1.23 ± 2.15 0.99 ± 0.89 1.04 ± 0.82 1.05 ± 1.73 0.72 ± 1.02 Non-induced 0.27 ± 0.44 0.70 ± 0.74 0.81 ± 0.70 0.99 ± 0.94 0.66 ± 0.91 0.27 ± 0.44 0.70 ± 0.74 0.81 ± 0.70 0.99 ± 0.94 0.54 ± 0.45 Gene expression change (fold) b 3.4 2.9 2.6 1.5 3.2 4.6 1.4 1.3 1.1 1.3
ab_env_2024,"Kheljan et al. 2024, Scientific Reports",Acinetobacter baumannii,0,n = z 2 p ( 1 − p ) i 2 (1),1,2,False,False,False,n = z 2 p ( 1 − p ) i 2 (1)
ab_env_2024,"Kheljan et al. 2024, Scientific Reports",Acinetobacter baumannii,1,Distribution of environmental A. baumannii isolates in the context of biofilm-production,4,6,False,False,False, Non-biofilm producer Weak biofilm-producer Medium biofilm-producer Strong biofilm-producer Overall Non-MDR isolates 5 (4.39%) 6 (5.36%) 15 (13.16%) 32 (27.97%) 58 (50.88%) MDR isolates 2 (1.75%) 5 (4.39%) 13 (11.49%) 36 (31.49%) 56 (49.12%) Overall 7 (6.14%) 11 (9.65%) 28 (24.65%) 68 (59.65%) 114 (100.00%)
ab_env_2024,"Kheljan et al. 2024, Scientific Reports",Acinetobacter baumannii,2,Minimum inhibitory concentrations (MICs) of disinfectants against environmental A. baumannii isolates,6,11,True,False,False, MICs (μg mL −1 ) Disinfectant 2 4 8 16 32 64 128 256 MIC 50 MIC 90 Benzalkonium chloride n = 96 (100.00%) – – – n = 10 (10.42%) n = 22 (22.92%) n = 55 (57.29%) n = 9 (9.37%) – 64 64 Chlorhexidine digluconate n = 96 (100.00%) – n = 3 (3.13%) n = 11 (11.46%) n = 18 (18.75%) n = 42 (43.75%) n = 18 (18.75%) n = 4 (4.16%) – 32 64 Formaldehyde n = 96 (100.00%) – – – – – n = 23 (23.96%) n = 65 (67.71%) n = 8 (8.33%) 128 128 Triclosan n = 96 (100.00%) n = 80 (83.33%) n = 8 (8.33%) n = 5 (5.21%) n = 2 (
ab_source_2025,"Gavini et al. 2025, Antimicrobial Resistance & Infection Control",Acinetobacter baumannii,0,Minimal bactericidal concentration (MBC 50 and MBC 90 ) values of five biocides on 64 Acinetobacter baumannii isolates in planktonic phase in presence of bovine serum albumin (BSA) at 0.3 g/L and 3 g/L,5,7,True,False,False,MBC BSA Sodium hypochlorite (mg/L) Ethanol (%) Hydrogen peroxide (%) Chlorhexidine digluconate (mg/L) Benzalkonium chloride (ppm) MBC 50 0.3 g/L < 100 40 0.5 3280 150 ppm 3 g/L 800 40 0.5 3280 > 200 ppm MBC 90 0.3 g/L < 100 40 1 6560 200 ppm 3 g/L 800 40 1 6560 > 200 ppm
kp_agedcare_2024,"Kleyn et al. 2024, Microorganisms",Klebsiella pneumoniae complex,0,NCBI database accession numbers for isolates within this study.,8,4,False,True,False,Accession: Isolate: Accession: Isolate: SAMN33942927 A031 SAMN33942935 2401 SAMN33942928 A026 SAMN33942936 2404 SAMN33942929 A095 SAMN33942937 2410 SAMN33942930 A529 SAMN33942938 2418 SAMN33942931 A629 SAMN33942939 A922
kp_agedcare_2024,"Kleyn et al. 2024, Microorganisms",Klebsiella pneumoniae complex,1,The distribution of the 147 K. pneumoniae complex isolates by facility and sample type.,7,6,False,False,False,  Sample Type  K. pneumoniae Complex Isolates n (%) Faecal n (%) Urine n (%) Facility Swab n (%) Wastewater n (%) Facility 1 97 (66) 46 (47) 0 (0) 4 (4) 47 (48) Facility 2 25 (17) 16 (64) 0 (0) 0 (0) 9 (36) Facility 3 7 (5) 5 (71) 2 (29) 0 (0) 0 (0) Retirement 18 (12) 15 (83) 0 (0) 0 (0) 3 (17)
kp_agedcare_2024,"Kleyn et al. 2024, Microorganisms",Klebsiella pneumoniae complex,2,MIC distribution (mg/L) for 147 K. pneumoniae complex isolates recovered from three RACFs and one retirement living cohort.,11,14,False,False,False, MIC (mg/L)  Antimicrobial <0.125 0.125 0.25 0.5 1 2 4 8 16 32 64 >64 % Resistant Ceftazidime 3 1 5 19 23 18 11 4 0 4 2 57 46 Cefepime 32 3 12 33 21 15 8 3 1 3 1 15 16 Ciprofloxacin 13 5 8 19 9 17 26 24 7 4 7 8 69 Tobramycin 0 0 6 43 62 21 3 1 3 4 3 1 10
kp_agedcare_2024,"Kleyn et al. 2024, Microorganisms",Klebsiella pneumoniae complex,3,MIC distribution (mg/L) for 147 K. pneumoniae complex isolates for three commonly used biocides.,5,15,True,False,False,MIC (mg/L) Antimicrobial  ≤0.125 0.125 0.25 0.5 1 2 4 8 16 32 64 >64 % Tolerant Biocide CHG 2 0 1 0 5 8 33 41 32 21 2 2 1 TRI 5 1 7 14 20 33 27 26 5 0 1 8 46 BZK 0 0 0 0 4 2 0 1 21 88 27 4 21
kp_agedcare_2024,"Kleyn et al. 2024, Microorganisms",Klebsiella pneumoniae complex,4,"EUCAST breakpoints, sequence types (STs) and minimum inhibitory concentrations (MICs) for antimicrobials used in this study and sample type information of sequenced K. pneumoniae complex isolates.",17,11,False,False,True,MIC (mg/L)    CTZ FEP CIP TOB AMI MER COL SXT  EUCAST Breakpoint >4 >4 >0.5 >2 >8 >8 >2 >4 Isolate ST Source         A031 4726 Faecal 2 0.125 0.25 0.25 0.25 <0.125 1 4 A922 661 Wastewater 32 8 2 1 1 1 2 >8
kp_crkp_2022,"Li et al. 2022, Frontiers in Microbiology",Carbapenem-resistant Klebsiella pneumoniae,0,MIC and MBC results of CRKP strains against seven kinds of disinfectants (dilution multiples).,9,11,True,False,False,Disinfectants MICs MIC 50 MIC 90 QC Strains MBCs MBC 50 MBC 90 QC Strains ATCC 700603 MIC ATCC 25922 MIC ATCC 700603 MBC ATCC 25922 MBC 0.1% Benzalkonium bromide 16–256 64 32 32 128 1–128 16 2 4 32 4% Aqueous chlorhexidine 256–32768 2048 512 1024 16384 16–32768 512 32 256 512 75% Alcohol 4–64 8 8 8 8 2–64 4 4 4 4 Entoiodine II 64–8192 512 256 256 16384 16–4096 128 32 128 8192
kp_crkp_2022,"Li et al. 2022, Frontiers in Microbiology",Carbapenem-resistant Klebsiella pneumoniae,1,Recommended concentrations for CRKP disinfection according to health industry standards of the People’s Republic of China.,11,9,True,False,False,"  Iodine Chlorhexidine 75% Alcohol Quaternary Ammonium Compounds 3% Hydrogen Peroxide Chlorine-Containing Disinfectants 2% Glutaraldehyde MBC MAX a  A quarter of stock solution 2.5 g/L Aqueous chlorhexidine Half of stock solution Stock solution (1000 mg/L) 468.75 mg/L 1000 mg/L 0.50% Skin and mucous membrane b Skin Stock solution ≥ 2 g/L Alcoholic chlorhexidine Stock solution Stock solution    Mucous membrane, wound  ≥ 2 g/L Alcoholic chlorhexidine (wipe), ≥ 2 g/L Aqueous chlorhexidine (rinse, g"
kp_crkp_2022,"Li et al. 2022, Frontiers in Microbiology",Carbapenem-resistant Klebsiella pneumoniae,2,Positive detection patterns of efflux pump genes.,8,3,False,False,False,Positive Detection Patterns Positive Numbers ( n ) Percentage (%) qacE∆1-sul1 + oqxA 25 39.1 qacE∆1-sul1 14 21.9 qacE∆1-sul1 + oqxA + oqxB 6 9.4 oqxA 5 7.8 oqxA + oqxB 3 4.7
kp_crkp_2022,"Li et al. 2022, Frontiers in Microbiology",Carbapenem-resistant Klebsiella pneumoniae,3,Comparison of MIC and MBC values of disinfectants in negative and positive groups of efflux pump genes ( p values).,8,16,True,False,False,Genes Numbers 0.1% Benzalkonium Bromide 4% Aqueous Chlorhexidine 75% Alcohol Entoiodine II 2% Glutaraldehyde 2000 mg/L Chlorine-Containing Disinfectants 3% Hydrogen Peroxide MIC MBC MIC MBC MIC MBC MIC MBC MIC MBC MIC MBC MIC MBC oqxA +: 39 0.733 0.052 0.946 0.744 0.366 0.690 0.993 0.194 0.630 0.119 0.417 0.994 0.033 * 0.001 * −: 25 oqxB +: 11 0.375 0.993 0.454 0.820 0.453 0.532 0.315 0.146 0.767 0.701 0.942 0.505 0.882 0.341 −: 53
kp_crkp_2022,"Li et al. 2022, Frontiers in Microbiology",Carbapenem-resistant Klebsiella pneumoniae,4,Comparison of MIC and MBC values of disinfectants in negative and positive groups of efflux pump genes ( p values).,18,2,False,False,False,CRKP carbapenem-resistant Klebsiella pneumoniae MIC minimal inhibitory concentration MBC minimum bactericidal concentration ICU intensive care unit CRE carbapenem-resistant Enterobacteriaceae CDC Centers for Disease Control and Prevention
