study_key,citation_short,doi,source_url,species_reported,strain_id,isolation_source,compound,endpoint,timepoint,value,units,row_level_phenotype,strain_norm
moore_2009_bcc_biocide_susceptibility,"Moore et al. 2009, Journal of Antimicrobial Chemotherapy",10.1093/jac/dkn540,https://pmc.ncbi.nlm.nih.gov/articles/PMC2640157/,B. cepacia,LMG 17997,,chlorhexidine,MIC,baseline,100,mg/L,True,lmg17997
moore_2009_bcc_biocide_susceptibility,"Moore et al. 2009, Journal of Antimicrobial Chemotherapy",10.1093/jac/dkn540,https://pmc.ncbi.nlm.nih.gov/articles/PMC2640157/,B. cepacia,LMG 17997,,chlorhexidine,MBC,baseline,100,mg/L,True,lmg17997
moore_2009_bcc_biocide_susceptibility,"Moore et al. 2009, Journal of Antimicrobial Chemotherapy",10.1093/jac/dkn540,https://pmc.ncbi.nlm.nih.gov/articles/PMC2640157/,B. cepacia,LMG 17997,,cetylpyridinium chloride,MIC,baseline,70–100,mg/L,True,lmg17997
moore_2009_bcc_biocide_susceptibility,"Moore et al. 2009, Journal of Antimicrobial Chemotherapy",10.1093/jac/dkn540,https://pmc.ncbi.nlm.nih.gov/articles/PMC2640157/,B. cepacia,LMG 17997,,cetylpyridinium chloride,MBC,baseline,2000,mg/L,True,lmg17997
moore_2009_bcc_biocide_susceptibility,"Moore et al. 2009, Journal of Antimicrobial Chemotherapy",10.1093/jac/dkn540,https://pmc.ncbi.nlm.nih.gov/articles/PMC2640157/,B. cepacia,LMG 17997,,triclosan,MIC,baseline,400,mg/L,True,lmg17997
moore_2009_bcc_biocide_susceptibility,"Moore et al. 2009, Journal of Antimicrobial Chemotherapy",10.1093/jac/dkn540,https://pmc.ncbi.nlm.nih.gov/articles/PMC2640157/,B. cepacia,LMG 17997,,benzalkonium chloride,MIC,baseline,200,mg/L,True,lmg17997
moore_2009_bcc_biocide_susceptibility,"Moore et al. 2009, Journal of Antimicrobial Chemotherapy",10.1093/jac/dkn540,https://pmc.ncbi.nlm.nih.gov/articles/PMC2640157/,B. cepacia,ATCC 49709,,chlorhexidine,MIC,baseline,100,mg/L,True,atcc49709
moore_2009_bcc_biocide_susceptibility,"Moore et al. 2009, Journal of Antimicrobial Chemotherapy",10.1093/jac/dkn540,https://pmc.ncbi.nlm.nih.gov/articles/PMC2640157/,B. cepacia,ATCC 49709,,chlorhexidine,MBC,baseline,100,mg/L,True,atcc49709
moore_2009_bcc_biocide_susceptibility,"Moore et al. 2009, Journal of Antimicrobial Chemotherapy",10.1093/jac/dkn540,https://pmc.ncbi.nlm.nih.gov/articles/PMC2640157/,B. cepacia,ATCC 49709,,cetylpyridinium chloride,MIC,baseline,>200,mg/L,True,atcc49709
moore_2009_bcc_biocide_susceptibility,"Moore et al. 2009, Journal of Antimicrobial Chemotherapy",10.1093/jac/dkn540,https://pmc.ncbi.nlm.nih.gov/articles/PMC2640157/,B. cepacia,ATCC 49709,,cetylpyridinium chloride,MBC,baseline,500,mg/L,True,atcc49709
moore_2009_bcc_biocide_susceptibility,"Moore et al. 2009, Journal of Antimicrobial Chemotherapy",10.1093/jac/dkn540,https://pmc.ncbi.nlm.nih.gov/articles/PMC2640157/,B. cepacia,ATCC 49709,,triclosan,MIC,baseline,300,mg/L,True,atcc49709
moore_2009_bcc_biocide_susceptibility,"Moore et al. 2009, Journal of Antimicrobial Chemotherapy",10.1093/jac/dkn540,https://pmc.ncbi.nlm.nih.gov/articles/PMC2640157/,B. cepacia,ATCC 49709,,benzalkonium chloride,MIC,baseline,50,mg/L,True,atcc49709
moore_2009_bcc_biocide_susceptibility,"Moore et al. 2009, Journal of Antimicrobial Chemotherapy",10.1093/jac/dkn540,https://pmc.ncbi.nlm.nih.gov/articles/PMC2640157/,B. cepacia,IST431,,chlorhexidine,MIC,baseline,90–100,mg/L,True,ist431
moore_2009_bcc_biocide_susceptibility,"Moore et al. 2009, Journal of Antimicrobial Chemotherapy",10.1093/jac/dkn540,https://pmc.ncbi.nlm.nih.gov/articles/PMC2640157/,B. cepacia,IST431,,chlorhexidine,MBC,baseline,—,mg/L,True,ist431
moore_2009_bcc_biocide_susceptibility,"Moore et al. 2009, Journal of Antimicrobial Chemotherapy",10.1093/jac/dkn540,https://pmc.ncbi.nlm.nih.gov/articles/PMC2640157/,B. cepacia,IST431,,cetylpyridinium chloride,MIC,baseline,>200,mg/L,True,ist431
moore_2009_bcc_biocide_susceptibility,"Moore et al. 2009, Journal of Antimicrobial Chemotherapy",10.1093/jac/dkn540,https://pmc.ncbi.nlm.nih.gov/articles/PMC2640157/,B. cepacia,IST431,,cetylpyridinium chloride,MBC,baseline,3000,mg/L,True,ist431
moore_2009_bcc_biocide_susceptibility,"Moore et al. 2009, Journal of Antimicrobial Chemotherapy",10.1093/jac/dkn540,https://pmc.ncbi.nlm.nih.gov/articles/PMC2640157/,B. cepacia,IST431,,triclosan,MIC,baseline,400–450,mg/L,True,ist431
moore_2009_bcc_biocide_susceptibility,"Moore et al. 2009, Journal of Antimicrobial Chemotherapy",10.1093/jac/dkn540,https://pmc.ncbi.nlm.nih.gov/articles/PMC2640157/,B. cepacia,IST431,,benzalkonium chloride,MIC,baseline,200,mg/L,True,ist431
moore_2009_bcc_biocide_susceptibility,"Moore et al. 2009, Journal of Antimicrobial Chemotherapy",10.1093/jac/dkn540,https://pmc.ncbi.nlm.nih.gov/articles/PMC2640157/,B. cepacia,LMG 18821,,chlorhexidine,MIC,baseline,90–100,mg/L,True,lmg18821
moore_2009_bcc_biocide_susceptibility,"Moore et al. 2009, Journal of Antimicrobial Chemotherapy",10.1093/jac/dkn540,https://pmc.ncbi.nlm.nih.gov/articles/PMC2640157/,B. cepacia,LMG 18821,,chlorhexidine,MBC,baseline,300,mg/L,True,lmg18821
moore_2009_bcc_biocide_susceptibility,"Moore et al. 2009, Journal of Antimicrobial Chemotherapy",10.1093/jac/dkn540,https://pmc.ncbi.nlm.nih.gov/articles/PMC2640157/,B. cepacia,LMG 18821,,cetylpyridinium chloride,MIC,baseline,>200,mg/L,True,lmg18821
moore_2009_bcc_biocide_susceptibility,"Moore et al. 2009, Journal of Antimicrobial Chemotherapy",10.1093/jac/dkn540,https://pmc.ncbi.nlm.nih.gov/articles/PMC2640157/,B. cepacia,LMG 18821,,cetylpyridinium chloride,MBC,baseline,2000,mg/L,True,lmg18821
moore_2009_bcc_biocide_susceptibility,"Moore et al. 2009, Journal of Antimicrobial Chemotherapy",10.1093/jac/dkn540,https://pmc.ncbi.nlm.nih.gov/articles/PMC2640157/,B. cepacia,LMG 18821,,triclosan,MIC,baseline,>500,mg/L,True,lmg18821
moore_2009_bcc_biocide_susceptibility,"Moore et al. 2009, Journal of Antimicrobial Chemotherapy",10.1093/jac/dkn540,https://pmc.ncbi.nlm.nih.gov/articles/PMC2640157/,B. cepacia,LMG 18821,,benzalkonium chloride,MIC,baseline,100,mg/L,True,lmg18821
moore_2009_bcc_biocide_susceptibility,"Moore et al. 2009, Journal of Antimicrobial Chemotherapy",10.1093/jac/dkn540,https://pmc.ncbi.nlm.nih.gov/articles/PMC2640157/,B. cepacia,AVC1717,,chlorhexidine,MIC,baseline,70–80,mg/L,True,avc1717
moore_2009_bcc_biocide_susceptibility,"Moore et al. 2009, Journal of Antimicrobial Chemotherapy",10.1093/jac/dkn540,https://pmc.ncbi.nlm.nih.gov/articles/PMC2640157/,B. cepacia,AVC1717,,chlorhexidine,MBC,baseline,300,mg/L,True,avc1717
moore_2009_bcc_biocide_susceptibility,"Moore et al. 2009, Journal of Antimicrobial Chemotherapy",10.1093/jac/dkn540,https://pmc.ncbi.nlm.nih.gov/articles/PMC2640157/,B. cepacia,AVC1717,,cetylpyridinium chloride,MIC,baseline,>200,mg/L,True,avc1717
moore_2009_bcc_biocide_susceptibility,"Moore et al. 2009, Journal of Antimicrobial Chemotherapy",10.1093/jac/dkn540,https://pmc.ncbi.nlm.nih.gov/articles/PMC2640157/,B. cepacia,AVC1717,,cetylpyridinium chloride,MBC,baseline,>5000,mg/L,True,avc1717
moore_2009_bcc_biocide_susceptibility,"Moore et al. 2009, Journal of Antimicrobial Chemotherapy",10.1093/jac/dkn540,https://pmc.ncbi.nlm.nih.gov/articles/PMC2640157/,B. cepacia,AVC1717,,triclosan,MIC,baseline,500,mg/L,True,avc1717
moore_2009_bcc_biocide_susceptibility,"Moore et al. 2009, Journal of Antimicrobial Chemotherapy",10.1093/jac/dkn540,https://pmc.ncbi.nlm.nih.gov/articles/PMC2640157/,B. cepacia,AVC1717,,benzalkonium chloride,MIC,baseline,200,mg/L,True,avc1717
moore_2009_bcc_biocide_susceptibility,"Moore et al. 2009, Journal of Antimicrobial Chemotherapy",10.1093/jac/dkn540,https://pmc.ncbi.nlm.nih.gov/articles/PMC2640157/,B. cepacia,ATCC 17759,,chlorhexidine,MIC,baseline,20–30,mg/L,True,atcc17759
moore_2009_bcc_biocide_susceptibility,"Moore et al. 2009, Journal of Antimicrobial Chemotherapy",10.1093/jac/dkn540,https://pmc.ncbi.nlm.nih.gov/articles/PMC2640157/,B. cepacia,ATCC 17759,,chlorhexidine,MBC,baseline,100,mg/L,True,atcc17759
moore_2009_bcc_biocide_susceptibility,"Moore et al. 2009, Journal of Antimicrobial Chemotherapy",10.1093/jac/dkn540,https://pmc.ncbi.nlm.nih.gov/articles/PMC2640157/,B. cepacia,ATCC 17759,,cetylpyridinium chloride,MIC,baseline,>200,mg/L,True,atcc17759
moore_2009_bcc_biocide_susceptibility,"Moore et al. 2009, Journal of Antimicrobial Chemotherapy",10.1093/jac/dkn540,https://pmc.ncbi.nlm.nih.gov/articles/PMC2640157/,B. cepacia,ATCC 17759,,cetylpyridinium chloride,MBC,baseline,3000,mg/L,True,atcc17759
moore_2009_bcc_biocide_susceptibility,"Moore et al. 2009, Journal of Antimicrobial Chemotherapy",10.1093/jac/dkn540,https://pmc.ncbi.nlm.nih.gov/articles/PMC2640157/,B. cepacia,ATCC 17759,,triclosan,MIC,baseline,>500,mg/L,True,atcc17759
moore_2009_bcc_biocide_susceptibility,"Moore et al. 2009, Journal of Antimicrobial Chemotherapy",10.1093/jac/dkn540,https://pmc.ncbi.nlm.nih.gov/articles/PMC2640157/,B. cepacia,ATCC 17759,,benzalkonium chloride,MIC,baseline,100,mg/L,True,atcc17759
moore_2009_bcc_biocide_susceptibility,"Moore et al. 2009, Journal of Antimicrobial Chemotherapy",10.1093/jac/dkn540,https://pmc.ncbi.nlm.nih.gov/articles/PMC2640157/,B. cepacia,Bcc0176,,chlorhexidine,MIC,baseline,10–20,mg/L,True,bcc0176
moore_2009_bcc_biocide_susceptibility,"Moore et al. 2009, Journal of Antimicrobial Chemotherapy",10.1093/jac/dkn540,https://pmc.ncbi.nlm.nih.gov/articles/PMC2640157/,B. cepacia,Bcc0176,,chlorhexidine,MBC,baseline,50,mg/L,True,bcc0176
moore_2009_bcc_biocide_susceptibility,"Moore et al. 2009, Journal of Antimicrobial Chemotherapy",10.1093/jac/dkn540,https://pmc.ncbi.nlm.nih.gov/articles/PMC2640157/,B. cepacia,Bcc0176,,cetylpyridinium chloride,MIC,baseline,30–40,mg/L,True,bcc0176
moore_2009_bcc_biocide_susceptibility,"Moore et al. 2009, Journal of Antimicrobial Chemotherapy",10.1093/jac/dkn540,https://pmc.ncbi.nlm.nih.gov/articles/PMC2640157/,B. cepacia,Bcc0176,,cetylpyridinium chloride,MBC,baseline,50,mg/L,True,bcc0176
moore_2009_bcc_biocide_susceptibility,"Moore et al. 2009, Journal of Antimicrobial Chemotherapy",10.1093/jac/dkn540,https://pmc.ncbi.nlm.nih.gov/articles/PMC2640157/,B. cepacia,Bcc0176,,triclosan,MIC,baseline,500,mg/L,True,bcc0176
moore_2009_bcc_biocide_susceptibility,"Moore et al. 2009, Journal of Antimicrobial Chemotherapy",10.1093/jac/dkn540,https://pmc.ncbi.nlm.nih.gov/articles/PMC2640157/,B. cepacia,Bcc0176,,benzalkonium chloride,MIC,baseline,100,mg/L,True,bcc0176
moore_2009_bcc_biocide_susceptibility,"Moore et al. 2009, Journal of Antimicrobial Chemotherapy",10.1093/jac/dkn540,https://pmc.ncbi.nlm.nih.gov/articles/PMC2640157/,B. multivorans,LMG 16660,,chlorhexidine,MIC,baseline,90–100,mg/L,True,lmg16660
moore_2009_bcc_biocide_susceptibility,"Moore et al. 2009, Journal of Antimicrobial Chemotherapy",10.1093/jac/dkn540,https://pmc.ncbi.nlm.nih.gov/articles/PMC2640157/,B. multivorans,LMG 16660,,chlorhexidine,MBC,baseline,300,mg/L,True,lmg16660
moore_2009_bcc_biocide_susceptibility,"Moore et al. 2009, Journal of Antimicrobial Chemotherapy",10.1093/jac/dkn540,https://pmc.ncbi.nlm.nih.gov/articles/PMC2640157/,B. multivorans,LMG 16660,,cetylpyridinium chloride,MIC,baseline,>200,mg/L,True,lmg16660
moore_2009_bcc_biocide_susceptibility,"Moore et al. 2009, Journal of Antimicrobial Chemotherapy",10.1093/jac/dkn540,https://pmc.ncbi.nlm.nih.gov/articles/PMC2640157/,B. multivorans,LMG 16660,,cetylpyridinium chloride,MBC,baseline,>5000,mg/L,True,lmg16660
moore_2009_bcc_biocide_susceptibility,"Moore et al. 2009, Journal of Antimicrobial Chemotherapy",10.1093/jac/dkn540,https://pmc.ncbi.nlm.nih.gov/articles/PMC2640157/,B. multivorans,LMG 16660,,triclosan,MIC,baseline,>500,mg/L,True,lmg16660
moore_2009_bcc_biocide_susceptibility,"Moore et al. 2009, Journal of Antimicrobial Chemotherapy",10.1093/jac/dkn540,https://pmc.ncbi.nlm.nih.gov/articles/PMC2640157/,B. multivorans,LMG 16660,,benzalkonium chloride,MIC,baseline,200–250,mg/L,True,lmg16660
moore_2009_bcc_biocide_susceptibility,"Moore et al. 2009, Journal of Antimicrobial Chemotherapy",10.1093/jac/dkn540,https://pmc.ncbi.nlm.nih.gov/articles/PMC2640157/,B. multivorans,ATCC 17616,,chlorhexidine,MIC,baseline,10–20,mg/L,True,atcc17616
moore_2009_bcc_biocide_susceptibility,"Moore et al. 2009, Journal of Antimicrobial Chemotherapy",10.1093/jac/dkn540,https://pmc.ncbi.nlm.nih.gov/articles/PMC2640157/,B. multivorans,ATCC 17616,,chlorhexidine,MBC,baseline,300,mg/L,True,atcc17616
moore_2009_bcc_biocide_susceptibility,"Moore et al. 2009, Journal of Antimicrobial Chemotherapy",10.1093/jac/dkn540,https://pmc.ncbi.nlm.nih.gov/articles/PMC2640157/,B. multivorans,ATCC 17616,,cetylpyridinium chloride,MIC,baseline,50–150,mg/L,True,atcc17616
moore_2009_bcc_biocide_susceptibility,"Moore et al. 2009, Journal of Antimicrobial Chemotherapy",10.1093/jac/dkn540,https://pmc.ncbi.nlm.nih.gov/articles/PMC2640157/,B. multivorans,ATCC 17616,,cetylpyridinium chloride,MBC,baseline,1000,mg/L,True,atcc17616
moore_2009_bcc_biocide_susceptibility,"Moore et al. 2009, Journal of Antimicrobial Chemotherapy",10.1093/jac/dkn540,https://pmc.ncbi.nlm.nih.gov/articles/PMC2640157/,B. multivorans,ATCC 17616,,triclosan,MIC,baseline,50,mg/L,True,atcc17616
moore_2009_bcc_biocide_susceptibility,"Moore et al. 2009, Journal of Antimicrobial Chemotherapy",10.1093/jac/dkn540,https://pmc.ncbi.nlm.nih.gov/articles/PMC2640157/,B. multivorans,ATCC 17616,,benzalkonium chloride,MIC,baseline,150,mg/L,True,atcc17616
moore_2009_bcc_biocide_susceptibility,"Moore et al. 2009, Journal of Antimicrobial Chemotherapy",10.1093/jac/dkn540,https://pmc.ncbi.nlm.nih.gov/articles/PMC2640157/,B. multivorans,C1582,,chlorhexidine,MIC,baseline,100,mg/L,True,c1582
moore_2009_bcc_biocide_susceptibility,"Moore et al. 2009, Journal of Antimicrobial Chemotherapy",10.1093/jac/dkn540,https://pmc.ncbi.nlm.nih.gov/articles/PMC2640157/,B. multivorans,C1582,,chlorhexidine,MBC,baseline,300,mg/L,True,c1582
moore_2009_bcc_biocide_susceptibility,"Moore et al. 2009, Journal of Antimicrobial Chemotherapy",10.1093/jac/dkn540,https://pmc.ncbi.nlm.nih.gov/articles/PMC2640157/,B. multivorans,C1582,,cetylpyridinium chloride,MIC,baseline,>200,mg/L,True,c1582
moore_2009_bcc_biocide_susceptibility,"Moore et al. 2009, Journal of Antimicrobial Chemotherapy",10.1093/jac/dkn540,https://pmc.ncbi.nlm.nih.gov/articles/PMC2640157/,B. multivorans,C1582,,cetylpyridinium chloride,MBC,baseline,1000,mg/L,True,c1582
moore_2009_bcc_biocide_susceptibility,"Moore et al. 2009, Journal of Antimicrobial Chemotherapy",10.1093/jac/dkn540,https://pmc.ncbi.nlm.nih.gov/articles/PMC2640157/,B. multivorans,C1582,,triclosan,MIC,baseline,450–500,mg/L,True,c1582
moore_2009_bcc_biocide_susceptibility,"Moore et al. 2009, Journal of Antimicrobial Chemotherapy",10.1093/jac/dkn540,https://pmc.ncbi.nlm.nih.gov/articles/PMC2640157/,B. multivorans,C1582,,benzalkonium chloride,MIC,baseline,150,mg/L,True,c1582
moore_2009_bcc_biocide_susceptibility,"Moore et al. 2009, Journal of Antimicrobial Chemotherapy",10.1093/jac/dkn540,https://pmc.ncbi.nlm.nih.gov/articles/PMC2640157/,B. multivorans,C1607,,chlorhexidine,MIC,baseline,100,mg/L,True,c1607
moore_2009_bcc_biocide_susceptibility,"Moore et al. 2009, Journal of Antimicrobial Chemotherapy",10.1093/jac/dkn540,https://pmc.ncbi.nlm.nih.gov/articles/PMC2640157/,B. multivorans,C1607,,chlorhexidine,MBC,baseline,500,mg/L,True,c1607
moore_2009_bcc_biocide_susceptibility,"Moore et al. 2009, Journal of Antimicrobial Chemotherapy",10.1093/jac/dkn540,https://pmc.ncbi.nlm.nih.gov/articles/PMC2640157/,B. multivorans,C1607,,cetylpyridinium chloride,MIC,baseline,200,mg/L,True,c1607
moore_2009_bcc_biocide_susceptibility,"Moore et al. 2009, Journal of Antimicrobial Chemotherapy",10.1093/jac/dkn540,https://pmc.ncbi.nlm.nih.gov/articles/PMC2640157/,B. multivorans,C1607,,cetylpyridinium chloride,MBC,baseline,>5000,mg/L,True,c1607
moore_2009_bcc_biocide_susceptibility,"Moore et al. 2009, Journal of Antimicrobial Chemotherapy",10.1093/jac/dkn540,https://pmc.ncbi.nlm.nih.gov/articles/PMC2640157/,B. multivorans,C1607,,triclosan,MIC,baseline,500,mg/L,True,c1607
moore_2009_bcc_biocide_susceptibility,"Moore et al. 2009, Journal of Antimicrobial Chemotherapy",10.1093/jac/dkn540,https://pmc.ncbi.nlm.nih.gov/articles/PMC2640157/,B. multivorans,C1607,,benzalkonium chloride,MIC,baseline,250,mg/L,True,c1607
moore_2009_bcc_biocide_susceptibility,"Moore et al. 2009, Journal of Antimicrobial Chemotherapy",10.1093/jac/dkn540,https://pmc.ncbi.nlm.nih.gov/articles/PMC2640157/,B. multivorans,LMG 18825,,chlorhexidine,MIC,baseline,20–30,mg/L,True,lmg18825
moore_2009_bcc_biocide_susceptibility,"Moore et al. 2009, Journal of Antimicrobial Chemotherapy",10.1093/jac/dkn540,https://pmc.ncbi.nlm.nih.gov/articles/PMC2640157/,B. multivorans,LMG 18825,,chlorhexidine,MBC,baseline,100,mg/L,True,lmg18825
moore_2009_bcc_biocide_susceptibility,"Moore et al. 2009, Journal of Antimicrobial Chemotherapy",10.1093/jac/dkn540,https://pmc.ncbi.nlm.nih.gov/articles/PMC2640157/,B. multivorans,LMG 18825,,cetylpyridinium chloride,MIC,baseline,50–100,mg/L,True,lmg18825
moore_2009_bcc_biocide_susceptibility,"Moore et al. 2009, Journal of Antimicrobial Chemotherapy",10.1093/jac/dkn540,https://pmc.ncbi.nlm.nih.gov/articles/PMC2640157/,B. multivorans,LMG 18825,,cetylpyridinium chloride,MBC,baseline,50,mg/L,True,lmg18825
moore_2009_bcc_biocide_susceptibility,"Moore et al. 2009, Journal of Antimicrobial Chemotherapy",10.1093/jac/dkn540,https://pmc.ncbi.nlm.nih.gov/articles/PMC2640157/,B. multivorans,LMG 18825,,triclosan,MIC,baseline,50,mg/L,True,lmg18825
moore_2009_bcc_biocide_susceptibility,"Moore et al. 2009, Journal of Antimicrobial Chemotherapy",10.1093/jac/dkn540,https://pmc.ncbi.nlm.nih.gov/articles/PMC2640157/,B. multivorans,LMG 18825,,benzalkonium chloride,MIC,baseline,100,mg/L,True,lmg18825
moore_2009_bcc_biocide_susceptibility,"Moore et al. 2009, Journal of Antimicrobial Chemotherapy",10.1093/jac/dkn540,https://pmc.ncbi.nlm.nih.gov/articles/PMC2640157/,B. cenocepacia,J2315b,,chlorhexidine,MIC,baseline,>100,mg/L,True,j2315b
moore_2009_bcc_biocide_susceptibility,"Moore et al. 2009, Journal of Antimicrobial Chemotherapy",10.1093/jac/dkn540,https://pmc.ncbi.nlm.nih.gov/articles/PMC2640157/,B. cenocepacia,J2315b,,chlorhexidine,MBC,baseline,100,mg/L,True,j2315b
moore_2009_bcc_biocide_susceptibility,"Moore et al. 2009, Journal of Antimicrobial Chemotherapy",10.1093/jac/dkn540,https://pmc.ncbi.nlm.nih.gov/articles/PMC2640157/,B. cenocepacia,J2315b,,cetylpyridinium chloride,MIC,baseline,>200,mg/L,True,j2315b
moore_2009_bcc_biocide_susceptibility,"Moore et al. 2009, Journal of Antimicrobial Chemotherapy",10.1093/jac/dkn540,https://pmc.ncbi.nlm.nih.gov/articles/PMC2640157/,B. cenocepacia,J2315b,,cetylpyridinium chloride,MBC,baseline,>5000,mg/L,True,j2315b
moore_2009_bcc_biocide_susceptibility,"Moore et al. 2009, Journal of Antimicrobial Chemotherapy",10.1093/jac/dkn540,https://pmc.ncbi.nlm.nih.gov/articles/PMC2640157/,B. cenocepacia,J2315b,,triclosan,MIC,baseline,>500,mg/L,True,j2315b
moore_2009_bcc_biocide_susceptibility,"Moore et al. 2009, Journal of Antimicrobial Chemotherapy",10.1093/jac/dkn540,https://pmc.ncbi.nlm.nih.gov/articles/PMC2640157/,B. cenocepacia,J2315b,,benzalkonium chloride,MIC,baseline,350,mg/L,True,j2315b
moore_2009_bcc_biocide_susceptibility,"Moore et al. 2009, Journal of Antimicrobial Chemotherapy",10.1093/jac/dkn540,https://pmc.ncbi.nlm.nih.gov/articles/PMC2640157/,B. cenocepacia,X100,,chlorhexidine,MIC,baseline,90–100,mg/L,True,x100
moore_2009_bcc_biocide_susceptibility,"Moore et al. 2009, Journal of Antimicrobial Chemotherapy",10.1093/jac/dkn540,https://pmc.ncbi.nlm.nih.gov/articles/PMC2640157/,B. cenocepacia,X100,,chlorhexidine,MBC,baseline,500,mg/L,True,x100
moore_2009_bcc_biocide_susceptibility,"Moore et al. 2009, Journal of Antimicrobial Chemotherapy",10.1093/jac/dkn540,https://pmc.ncbi.nlm.nih.gov/articles/PMC2640157/,B. cenocepacia,X100,,cetylpyridinium chloride,MIC,baseline,70–100,mg/L,True,x100
moore_2009_bcc_biocide_susceptibility,"Moore et al. 2009, Journal of Antimicrobial Chemotherapy",10.1093/jac/dkn540,https://pmc.ncbi.nlm.nih.gov/articles/PMC2640157/,B. cenocepacia,X100,,cetylpyridinium chloride,MBC,baseline,>5000,mg/L,True,x100
moore_2009_bcc_biocide_susceptibility,"Moore et al. 2009, Journal of Antimicrobial Chemotherapy",10.1093/jac/dkn540,https://pmc.ncbi.nlm.nih.gov/articles/PMC2640157/,B. cenocepacia,X100,,triclosan,MIC,baseline,>500,mg/L,True,x100
moore_2009_bcc_biocide_susceptibility,"Moore et al. 2009, Journal of Antimicrobial Chemotherapy",10.1093/jac/dkn540,https://pmc.ncbi.nlm.nih.gov/articles/PMC2640157/,B. cenocepacia,X100,,benzalkonium chloride,MIC,baseline,350,mg/L,True,x100
moore_2009_bcc_biocide_susceptibility,"Moore et al. 2009, Journal of Antimicrobial Chemotherapy",10.1093/jac/dkn540,https://pmc.ncbi.nlm.nih.gov/articles/PMC2640157/,B. cenocepacia,LMG 18827b,,chlorhexidine,MIC,baseline,>100,mg/L,True,lmg18827b
moore_2009_bcc_biocide_susceptibility,"Moore et al. 2009, Journal of Antimicrobial Chemotherapy",10.1093/jac/dkn540,https://pmc.ncbi.nlm.nih.gov/articles/PMC2640157/,B. cenocepacia,LMG 18827b,,chlorhexidine,MBC,baseline,—,mg/L,True,lmg18827b
moore_2009_bcc_biocide_susceptibility,"Moore et al. 2009, Journal of Antimicrobial Chemotherapy",10.1093/jac/dkn540,https://pmc.ncbi.nlm.nih.gov/articles/PMC2640157/,B. cenocepacia,LMG 18827b,,cetylpyridinium chloride,MIC,baseline,>200,mg/L,True,lmg18827b
moore_2009_bcc_biocide_susceptibility,"Moore et al. 2009, Journal of Antimicrobial Chemotherapy",10.1093/jac/dkn540,https://pmc.ncbi.nlm.nih.gov/articles/PMC2640157/,B. cenocepacia,LMG 18827b,,cetylpyridinium chloride,MBC,baseline,—,mg/L,True,lmg18827b
moore_2009_bcc_biocide_susceptibility,"Moore et al. 2009, Journal of Antimicrobial Chemotherapy",10.1093/jac/dkn540,https://pmc.ncbi.nlm.nih.gov/articles/PMC2640157/,B. cenocepacia,LMG 18827b,,triclosan,MIC,baseline,500,mg/L,True,lmg18827b
moore_2009_bcc_biocide_susceptibility,"Moore et al. 2009, Journal of Antimicrobial Chemotherapy",10.1093/jac/dkn540,https://pmc.ncbi.nlm.nih.gov/articles/PMC2640157/,B. cenocepacia,LMG 18827b,,benzalkonium chloride,MIC,baseline,150,mg/L,True,lmg18827b
moore_2009_bcc_biocide_susceptibility,"Moore et al. 2009, Journal of Antimicrobial Chemotherapy",10.1093/jac/dkn540,https://pmc.ncbi.nlm.nih.gov/articles/PMC2640157/,B. cenocepacia,MU1,,chlorhexidine,MIC,baseline,>100,mg/L,True,mu1
moore_2009_bcc_biocide_susceptibility,"Moore et al. 2009, Journal of Antimicrobial Chemotherapy",10.1093/jac/dkn540,https://pmc.ncbi.nlm.nih.gov/articles/PMC2640157/,B. cenocepacia,MU1,,chlorhexidine,MBC,baseline,1000,mg/L,True,mu1
moore_2009_bcc_biocide_susceptibility,"Moore et al. 2009, Journal of Antimicrobial Chemotherapy",10.1093/jac/dkn540,https://pmc.ncbi.nlm.nih.gov/articles/PMC2640157/,B. cenocepacia,MU1,,cetylpyridinium chloride,MIC,baseline,>200,mg/L,True,mu1
moore_2009_bcc_biocide_susceptibility,"Moore et al. 2009, Journal of Antimicrobial Chemotherapy",10.1093/jac/dkn540,https://pmc.ncbi.nlm.nih.gov/articles/PMC2640157/,B. cenocepacia,MU1,,cetylpyridinium chloride,MBC,baseline,>5000,mg/L,True,mu1
moore_2009_bcc_biocide_susceptibility,"Moore et al. 2009, Journal of Antimicrobial Chemotherapy",10.1093/jac/dkn540,https://pmc.ncbi.nlm.nih.gov/articles/PMC2640157/,B. cenocepacia,MU1,,triclosan,MIC,baseline,10,mg/L,True,mu1
moore_2009_bcc_biocide_susceptibility,"Moore et al. 2009, Journal of Antimicrobial Chemotherapy",10.1093/jac/dkn540,https://pmc.ncbi.nlm.nih.gov/articles/PMC2640157/,B. cenocepacia,MU1,,benzalkonium chloride,MIC,baseline,350,mg/L,True,mu1
moore_2009_bcc_biocide_susceptibility,"Moore et al. 2009, Journal of Antimicrobial Chemotherapy",10.1093/jac/dkn540,https://pmc.ncbi.nlm.nih.gov/articles/PMC2640157/,B. cenocepacia,WH1,,chlorhexidine,MIC,baseline,10–20,mg/L,True,wh1
moore_2009_bcc_biocide_susceptibility,"Moore et al. 2009, Journal of Antimicrobial Chemotherapy",10.1093/jac/dkn540,https://pmc.ncbi.nlm.nih.gov/articles/PMC2640157/,B. cenocepacia,WH1,,chlorhexidine,MBC,baseline,100,mg/L,True,wh1
moore_2009_bcc_biocide_susceptibility,"Moore et al. 2009, Journal of Antimicrobial Chemotherapy",10.1093/jac/dkn540,https://pmc.ncbi.nlm.nih.gov/articles/PMC2640157/,B. cenocepacia,WH1,,cetylpyridinium chloride,MIC,baseline,150–180,mg/L,True,wh1
moore_2009_bcc_biocide_susceptibility,"Moore et al. 2009, Journal of Antimicrobial Chemotherapy",10.1093/jac/dkn540,https://pmc.ncbi.nlm.nih.gov/articles/PMC2640157/,B. cenocepacia,WH1,,cetylpyridinium chloride,MBC,baseline,4000,mg/L,True,wh1
moore_2009_bcc_biocide_susceptibility,"Moore et al. 2009, Journal of Antimicrobial Chemotherapy",10.1093/jac/dkn540,https://pmc.ncbi.nlm.nih.gov/articles/PMC2640157/,B. cenocepacia,WH1,,triclosan,MIC,baseline,450–500,mg/L,True,wh1
moore_2009_bcc_biocide_susceptibility,"Moore et al. 2009, Journal of Antimicrobial Chemotherapy",10.1093/jac/dkn540,https://pmc.ncbi.nlm.nih.gov/articles/PMC2640157/,B. cenocepacia,WH1,,benzalkonium chloride,MIC,baseline,200,mg/L,True,wh1
moore_2009_bcc_biocide_susceptibility,"Moore et al. 2009, Journal of Antimicrobial Chemotherapy",10.1093/jac/dkn540,https://pmc.ncbi.nlm.nih.gov/articles/PMC2640157/,B. cenocepacia,LMG 16654,,chlorhexidine,MIC,baseline,80–90,mg/L,True,lmg16654
moore_2009_bcc_biocide_susceptibility,"Moore et al. 2009, Journal of Antimicrobial Chemotherapy",10.1093/jac/dkn540,https://pmc.ncbi.nlm.nih.gov/articles/PMC2640157/,B. cenocepacia,LMG 16654,,chlorhexidine,MBC,baseline,300,mg/L,True,lmg16654
moore_2009_bcc_biocide_susceptibility,"Moore et al. 2009, Journal of Antimicrobial Chemotherapy",10.1093/jac/dkn540,https://pmc.ncbi.nlm.nih.gov/articles/PMC2640157/,B. cenocepacia,LMG 16654,,cetylpyridinium chloride,MIC,baseline,>200,mg/L,True,lmg16654
moore_2009_bcc_biocide_susceptibility,"Moore et al. 2009, Journal of Antimicrobial Chemotherapy",10.1093/jac/dkn540,https://pmc.ncbi.nlm.nih.gov/articles/PMC2640157/,B. cenocepacia,LMG 16654,,cetylpyridinium chloride,MBC,baseline,>5000,mg/L,True,lmg16654
moore_2009_bcc_biocide_susceptibility,"Moore et al. 2009, Journal of Antimicrobial Chemotherapy",10.1093/jac/dkn540,https://pmc.ncbi.nlm.nih.gov/articles/PMC2640157/,B. cenocepacia,LMG 16654,,triclosan,MIC,baseline,>500,mg/L,True,lmg16654
moore_2009_bcc_biocide_susceptibility,"Moore et al. 2009, Journal of Antimicrobial Chemotherapy",10.1093/jac/dkn540,https://pmc.ncbi.nlm.nih.gov/articles/PMC2640157/,B. cenocepacia,LMG 16654,,benzalkonium chloride,MIC,baseline,50,mg/L,True,lmg16654
moore_2009_bcc_biocide_susceptibility,"Moore et al. 2009, Journal of Antimicrobial Chemotherapy",10.1093/jac/dkn540,https://pmc.ncbi.nlm.nih.gov/articles/PMC2640157/,B. cenocepacia,DN,,chlorhexidine,MIC,baseline,100,mg/L,True,dn
moore_2009_bcc_biocide_susceptibility,"Moore et al. 2009, Journal of Antimicrobial Chemotherapy",10.1093/jac/dkn540,https://pmc.ncbi.nlm.nih.gov/articles/PMC2640157/,B. cenocepacia,DN,,chlorhexidine,MBC,baseline,500,mg/L,True,dn
moore_2009_bcc_biocide_susceptibility,"Moore et al. 2009, Journal of Antimicrobial Chemotherapy",10.1093/jac/dkn540,https://pmc.ncbi.nlm.nih.gov/articles/PMC2640157/,B. cenocepacia,DN,,cetylpyridinium chloride,MIC,baseline,>200,mg/L,True,dn
moore_2009_bcc_biocide_susceptibility,"Moore et al. 2009, Journal of Antimicrobial Chemotherapy",10.1093/jac/dkn540,https://pmc.ncbi.nlm.nih.gov/articles/PMC2640157/,B. cenocepacia,DN,,cetylpyridinium chloride,MBC,baseline,2000,mg/L,True,dn
moore_2009_bcc_biocide_susceptibility,"Moore et al. 2009, Journal of Antimicrobial Chemotherapy",10.1093/jac/dkn540,https://pmc.ncbi.nlm.nih.gov/articles/PMC2640157/,B. cenocepacia,DN,,triclosan,MIC,baseline,450–500,mg/L,True,dn
moore_2009_bcc_biocide_susceptibility,"Moore et al. 2009, Journal of Antimicrobial Chemotherapy",10.1093/jac/dkn540,https://pmc.ncbi.nlm.nih.gov/articles/PMC2640157/,B. cenocepacia,DN,,benzalkonium chloride,MIC,baseline,50,mg/L,True,dn
moore_2009_bcc_biocide_susceptibility,"Moore et al. 2009, Journal of Antimicrobial Chemotherapy",10.1093/jac/dkn540,https://pmc.ncbi.nlm.nih.gov/articles/PMC2640157/,B. cenocepacia,K56-2b,,chlorhexidine,MIC,baseline,90–100,mg/L,True,k562b
moore_2009_bcc_biocide_susceptibility,"Moore et al. 2009, Journal of Antimicrobial Chemotherapy",10.1093/jac/dkn540,https://pmc.ncbi.nlm.nih.gov/articles/PMC2640157/,B. cenocepacia,K56-2b,,chlorhexidine,MBC,baseline,300,mg/L,True,k562b
moore_2009_bcc_biocide_susceptibility,"Moore et al. 2009, Journal of Antimicrobial Chemotherapy",10.1093/jac/dkn540,https://pmc.ncbi.nlm.nih.gov/articles/PMC2640157/,B. cenocepacia,K56-2b,,cetylpyridinium chloride,MIC,baseline,>200,mg/L,True,k562b
moore_2009_bcc_biocide_susceptibility,"Moore et al. 2009, Journal of Antimicrobial Chemotherapy",10.1093/jac/dkn540,https://pmc.ncbi.nlm.nih.gov/articles/PMC2640157/,B. cenocepacia,K56-2b,,cetylpyridinium chloride,MBC,baseline,>5000,mg/L,True,k562b
moore_2009_bcc_biocide_susceptibility,"Moore et al. 2009, Journal of Antimicrobial Chemotherapy",10.1093/jac/dkn540,https://pmc.ncbi.nlm.nih.gov/articles/PMC2640157/,B. cenocepacia,K56-2b,,triclosan,MIC,baseline,>500,mg/L,True,k562b
moore_2009_bcc_biocide_susceptibility,"Moore et al. 2009, Journal of Antimicrobial Chemotherapy",10.1093/jac/dkn540,https://pmc.ncbi.nlm.nih.gov/articles/PMC2640157/,B. cenocepacia,K56-2b,,benzalkonium chloride,MIC,baseline,150,mg/L,True,k562b
moore_2009_bcc_biocide_susceptibility,"Moore et al. 2009, Journal of Antimicrobial Chemotherapy",10.1093/jac/dkn540,https://pmc.ncbi.nlm.nih.gov/articles/PMC2640157/,B. cenocepacia,PC002,,chlorhexidine,MIC,baseline,100,mg/L,True,pc002
moore_2009_bcc_biocide_susceptibility,"Moore et al. 2009, Journal of Antimicrobial Chemotherapy",10.1093/jac/dkn540,https://pmc.ncbi.nlm.nih.gov/articles/PMC2640157/,B. cenocepacia,PC002,,chlorhexidine,MBC,baseline,300,mg/L,True,pc002
moore_2009_bcc_biocide_susceptibility,"Moore et al. 2009, Journal of Antimicrobial Chemotherapy",10.1093/jac/dkn540,https://pmc.ncbi.nlm.nih.gov/articles/PMC2640157/,B. cenocepacia,PC002,,cetylpyridinium chloride,MIC,baseline,>200,mg/L,True,pc002
moore_2009_bcc_biocide_susceptibility,"Moore et al. 2009, Journal of Antimicrobial Chemotherapy",10.1093/jac/dkn540,https://pmc.ncbi.nlm.nih.gov/articles/PMC2640157/,B. cenocepacia,PC002,,cetylpyridinium chloride,MBC,baseline,>5000,mg/L,True,pc002
moore_2009_bcc_biocide_susceptibility,"Moore et al. 2009, Journal of Antimicrobial Chemotherapy",10.1093/jac/dkn540,https://pmc.ncbi.nlm.nih.gov/articles/PMC2640157/,B. cenocepacia,PC002,,triclosan,MIC,baseline,>500,mg/L,True,pc002
moore_2009_bcc_biocide_susceptibility,"Moore et al. 2009, Journal of Antimicrobial Chemotherapy",10.1093/jac/dkn540,https://pmc.ncbi.nlm.nih.gov/articles/PMC2640157/,B. cenocepacia,PC002,,benzalkonium chloride,MIC,baseline,>400,mg/L,True,pc002
moore_2009_bcc_biocide_susceptibility,"Moore et al. 2009, Journal of Antimicrobial Chemotherapy",10.1093/jac/dkn540,https://pmc.ncbi.nlm.nih.gov/articles/PMC2640157/,B. cenocepacia,ATCC 25609,,chlorhexidine,MIC,baseline,50–60,mg/L,True,atcc25609
moore_2009_bcc_biocide_susceptibility,"Moore et al. 2009, Journal of Antimicrobial Chemotherapy",10.1093/jac/dkn540,https://pmc.ncbi.nlm.nih.gov/articles/PMC2640157/,B. cenocepacia,ATCC 25609,,chlorhexidine,MBC,baseline,300,mg/L,True,atcc25609
moore_2009_bcc_biocide_susceptibility,"Moore et al. 2009, Journal of Antimicrobial Chemotherapy",10.1093/jac/dkn540,https://pmc.ncbi.nlm.nih.gov/articles/PMC2640157/,B. cenocepacia,ATCC 25609,,cetylpyridinium chloride,MIC,baseline,>200,mg/L,True,atcc25609
moore_2009_bcc_biocide_susceptibility,"Moore et al. 2009, Journal of Antimicrobial Chemotherapy",10.1093/jac/dkn540,https://pmc.ncbi.nlm.nih.gov/articles/PMC2640157/,B. cenocepacia,ATCC 25609,,cetylpyridinium chloride,MBC,baseline,>5000,mg/L,True,atcc25609
moore_2009_bcc_biocide_susceptibility,"Moore et al. 2009, Journal of Antimicrobial Chemotherapy",10.1093/jac/dkn540,https://pmc.ncbi.nlm.nih.gov/articles/PMC2640157/,B. cenocepacia,ATCC 25609,,triclosan,MIC,baseline,400,mg/L,True,atcc25609
moore_2009_bcc_biocide_susceptibility,"Moore et al. 2009, Journal of Antimicrobial Chemotherapy",10.1093/jac/dkn540,https://pmc.ncbi.nlm.nih.gov/articles/PMC2640157/,B. cenocepacia,ATCC 25609,,benzalkonium chloride,MIC,baseline,350,mg/L,True,atcc25609
moore_2009_bcc_biocide_susceptibility,"Moore et al. 2009, Journal of Antimicrobial Chemotherapy",10.1093/jac/dkn540,https://pmc.ncbi.nlm.nih.gov/articles/PMC2640157/,B. cenocepacia,LMG 18832,,chlorhexidine,MIC,baseline,>100,mg/L,True,lmg18832
moore_2009_bcc_biocide_susceptibility,"Moore et al. 2009, Journal of Antimicrobial Chemotherapy",10.1093/jac/dkn540,https://pmc.ncbi.nlm.nih.gov/articles/PMC2640157/,B. cenocepacia,LMG 18832,,chlorhexidine,MBC,baseline,1000,mg/L,True,lmg18832
moore_2009_bcc_biocide_susceptibility,"Moore et al. 2009, Journal of Antimicrobial Chemotherapy",10.1093/jac/dkn540,https://pmc.ncbi.nlm.nih.gov/articles/PMC2640157/,B. cenocepacia,LMG 18832,,cetylpyridinium chloride,MIC,baseline,>200,mg/L,True,lmg18832
moore_2009_bcc_biocide_susceptibility,"Moore et al. 2009, Journal of Antimicrobial Chemotherapy",10.1093/jac/dkn540,https://pmc.ncbi.nlm.nih.gov/articles/PMC2640157/,B. cenocepacia,LMG 18832,,cetylpyridinium chloride,MBC,baseline,>5000,mg/L,True,lmg18832
moore_2009_bcc_biocide_susceptibility,"Moore et al. 2009, Journal of Antimicrobial Chemotherapy",10.1093/jac/dkn540,https://pmc.ncbi.nlm.nih.gov/articles/PMC2640157/,B. cenocepacia,LMG 18832,,triclosan,MIC,baseline,>500,mg/L,True,lmg18832
moore_2009_bcc_biocide_susceptibility,"Moore et al. 2009, Journal of Antimicrobial Chemotherapy",10.1093/jac/dkn540,https://pmc.ncbi.nlm.nih.gov/articles/PMC2640157/,B. cenocepacia,LMG 18832,,benzalkonium chloride,MIC,baseline,350,mg/L,True,lmg18832
moore_2009_bcc_biocide_susceptibility,"Moore et al. 2009, Journal of Antimicrobial Chemotherapy",10.1093/jac/dkn540,https://pmc.ncbi.nlm.nih.gov/articles/PMC2640157/,B. cenocepacia,PC523,,chlorhexidine,MIC,baseline,10–20,mg/L,True,pc523
moore_2009_bcc_biocide_susceptibility,"Moore et al. 2009, Journal of Antimicrobial Chemotherapy",10.1093/jac/dkn540,https://pmc.ncbi.nlm.nih.gov/articles/PMC2640157/,B. cenocepacia,PC523,,chlorhexidine,MBC,baseline,100,mg/L,True,pc523
moore_2009_bcc_biocide_susceptibility,"Moore et al. 2009, Journal of Antimicrobial Chemotherapy",10.1093/jac/dkn540,https://pmc.ncbi.nlm.nih.gov/articles/PMC2640157/,B. cenocepacia,PC523,,cetylpyridinium chloride,MIC,baseline,150–190,mg/L,True,pc523
moore_2009_bcc_biocide_susceptibility,"Moore et al. 2009, Journal of Antimicrobial Chemotherapy",10.1093/jac/dkn540,https://pmc.ncbi.nlm.nih.gov/articles/PMC2640157/,B. cenocepacia,PC523,,cetylpyridinium chloride,MBC,baseline,3000,mg/L,True,pc523
moore_2009_bcc_biocide_susceptibility,"Moore et al. 2009, Journal of Antimicrobial Chemotherapy",10.1093/jac/dkn540,https://pmc.ncbi.nlm.nih.gov/articles/PMC2640157/,B. cenocepacia,PC523,,triclosan,MIC,baseline,500,mg/L,True,pc523
moore_2009_bcc_biocide_susceptibility,"Moore et al. 2009, Journal of Antimicrobial Chemotherapy",10.1093/jac/dkn540,https://pmc.ncbi.nlm.nih.gov/articles/PMC2640157/,B. cenocepacia,PC523,,benzalkonium chloride,MIC,baseline,200,mg/L,True,pc523
moore_2009_bcc_biocide_susceptibility,"Moore et al. 2009, Journal of Antimicrobial Chemotherapy",10.1093/jac/dkn540,https://pmc.ncbi.nlm.nih.gov/articles/PMC2640157/,B. stabilis,ATCC 35254,,chlorhexidine,MIC,baseline,10–20,mg/L,True,atcc35254
moore_2009_bcc_biocide_susceptibility,"Moore et al. 2009, Journal of Antimicrobial Chemotherapy",10.1093/jac/dkn540,https://pmc.ncbi.nlm.nih.gov/articles/PMC2640157/,B. stabilis,ATCC 35254,,chlorhexidine,MBC,baseline,100,mg/L,True,atcc35254
moore_2009_bcc_biocide_susceptibility,"Moore et al. 2009, Journal of Antimicrobial Chemotherapy",10.1093/jac/dkn540,https://pmc.ncbi.nlm.nih.gov/articles/PMC2640157/,B. stabilis,ATCC 35254,,cetylpyridinium chloride,MIC,baseline,200,mg/L,True,atcc35254
moore_2009_bcc_biocide_susceptibility,"Moore et al. 2009, Journal of Antimicrobial Chemotherapy",10.1093/jac/dkn540,https://pmc.ncbi.nlm.nih.gov/articles/PMC2640157/,B. stabilis,ATCC 35254,,cetylpyridinium chloride,MBC,baseline,>5000,mg/L,True,atcc35254
moore_2009_bcc_biocide_susceptibility,"Moore et al. 2009, Journal of Antimicrobial Chemotherapy",10.1093/jac/dkn540,https://pmc.ncbi.nlm.nih.gov/articles/PMC2640157/,B. stabilis,ATCC 35254,,triclosan,MIC,baseline,500,mg/L,True,atcc35254
moore_2009_bcc_biocide_susceptibility,"Moore et al. 2009, Journal of Antimicrobial Chemotherapy",10.1093/jac/dkn540,https://pmc.ncbi.nlm.nih.gov/articles/PMC2640157/,B. stabilis,ATCC 35254,,benzalkonium chloride,MIC,baseline,200,mg/L,True,atcc35254
moore_2009_bcc_biocide_susceptibility,"Moore et al. 2009, Journal of Antimicrobial Chemotherapy",10.1093/jac/dkn540,https://pmc.ncbi.nlm.nih.gov/articles/PMC2640157/,B. stabilis,LMG 14294,,chlorhexidine,MIC,baseline,100,mg/L,True,lmg14294
moore_2009_bcc_biocide_susceptibility,"Moore et al. 2009, Journal of Antimicrobial Chemotherapy",10.1093/jac/dkn540,https://pmc.ncbi.nlm.nih.gov/articles/PMC2640157/,B. stabilis,LMG 14294,,chlorhexidine,MBC,baseline,100,mg/L,True,lmg14294
moore_2009_bcc_biocide_susceptibility,"Moore et al. 2009, Journal of Antimicrobial Chemotherapy",10.1093/jac/dkn540,https://pmc.ncbi.nlm.nih.gov/articles/PMC2640157/,B. stabilis,LMG 14294,,cetylpyridinium chloride,MIC,baseline,180–200,mg/L,True,lmg14294
moore_2009_bcc_biocide_susceptibility,"Moore et al. 2009, Journal of Antimicrobial Chemotherapy",10.1093/jac/dkn540,https://pmc.ncbi.nlm.nih.gov/articles/PMC2640157/,B. stabilis,LMG 14294,,cetylpyridinium chloride,MBC,baseline,>5000,mg/L,True,lmg14294
moore_2009_bcc_biocide_susceptibility,"Moore et al. 2009, Journal of Antimicrobial Chemotherapy",10.1093/jac/dkn540,https://pmc.ncbi.nlm.nih.gov/articles/PMC2640157/,B. stabilis,LMG 14294,,triclosan,MIC,baseline,400,mg/L,True,lmg14294
moore_2009_bcc_biocide_susceptibility,"Moore et al. 2009, Journal of Antimicrobial Chemotherapy",10.1093/jac/dkn540,https://pmc.ncbi.nlm.nih.gov/articles/PMC2640157/,B. stabilis,LMG 14294,,benzalkonium chloride,MIC,baseline,200,mg/L,True,lmg14294
moore_2009_bcc_biocide_susceptibility,"Moore et al. 2009, Journal of Antimicrobial Chemotherapy",10.1093/jac/dkn540,https://pmc.ncbi.nlm.nih.gov/articles/PMC2640157/,B. vietnamiensis,LMG 16232,,chlorhexidine,MIC,baseline,100,mg/L,True,lmg16232
moore_2009_bcc_biocide_susceptibility,"Moore et al. 2009, Journal of Antimicrobial Chemotherapy",10.1093/jac/dkn540,https://pmc.ncbi.nlm.nih.gov/articles/PMC2640157/,B. vietnamiensis,LMG 16232,,chlorhexidine,MBC,baseline,100,mg/L,True,lmg16232
moore_2009_bcc_biocide_susceptibility,"Moore et al. 2009, Journal of Antimicrobial Chemotherapy",10.1093/jac/dkn540,https://pmc.ncbi.nlm.nih.gov/articles/PMC2640157/,B. vietnamiensis,LMG 16232,,cetylpyridinium chloride,MIC,baseline,180–200,mg/L,True,lmg16232
moore_2009_bcc_biocide_susceptibility,"Moore et al. 2009, Journal of Antimicrobial Chemotherapy",10.1093/jac/dkn540,https://pmc.ncbi.nlm.nih.gov/articles/PMC2640157/,B. vietnamiensis,LMG 16232,,cetylpyridinium chloride,MBC,baseline,4000,mg/L,True,lmg16232
moore_2009_bcc_biocide_susceptibility,"Moore et al. 2009, Journal of Antimicrobial Chemotherapy",10.1093/jac/dkn540,https://pmc.ncbi.nlm.nih.gov/articles/PMC2640157/,B. vietnamiensis,LMG 16232,,triclosan,MIC,baseline,450–500,mg/L,True,lmg16232
moore_2009_bcc_biocide_susceptibility,"Moore et al. 2009, Journal of Antimicrobial Chemotherapy",10.1093/jac/dkn540,https://pmc.ncbi.nlm.nih.gov/articles/PMC2640157/,B. vietnamiensis,LMG 16232,,benzalkonium chloride,MIC,baseline,100,mg/L,True,lmg16232
moore_2009_bcc_biocide_susceptibility,"Moore et al. 2009, Journal of Antimicrobial Chemotherapy",10.1093/jac/dkn540,https://pmc.ncbi.nlm.nih.gov/articles/PMC2640157/,B. vietnamiensis,G4,,chlorhexidine,MIC,baseline,10–20,mg/L,True,g4
moore_2009_bcc_biocide_susceptibility,"Moore et al. 2009, Journal of Antimicrobial Chemotherapy",10.1093/jac/dkn540,https://pmc.ncbi.nlm.nih.gov/articles/PMC2640157/,B. vietnamiensis,G4,,chlorhexidine,MBC,baseline,300,mg/L,True,g4
moore_2009_bcc_biocide_susceptibility,"Moore et al. 2009, Journal of Antimicrobial Chemotherapy",10.1093/jac/dkn540,https://pmc.ncbi.nlm.nih.gov/articles/PMC2640157/,B. vietnamiensis,G4,,cetylpyridinium chloride,MIC,baseline,30–50,mg/L,True,g4
moore_2009_bcc_biocide_susceptibility,"Moore et al. 2009, Journal of Antimicrobial Chemotherapy",10.1093/jac/dkn540,https://pmc.ncbi.nlm.nih.gov/articles/PMC2640157/,B. vietnamiensis,G4,,cetylpyridinium chloride,MBC,baseline,500,mg/L,True,g4
moore_2009_bcc_biocide_susceptibility,"Moore et al. 2009, Journal of Antimicrobial Chemotherapy",10.1093/jac/dkn540,https://pmc.ncbi.nlm.nih.gov/articles/PMC2640157/,B. vietnamiensis,G4,,triclosan,MIC,baseline,50,mg/L,True,g4
moore_2009_bcc_biocide_susceptibility,"Moore et al. 2009, Journal of Antimicrobial Chemotherapy",10.1093/jac/dkn540,https://pmc.ncbi.nlm.nih.gov/articles/PMC2640157/,B. vietnamiensis,G4,,benzalkonium chloride,MIC,baseline,50,mg/L,True,g4
moore_2009_bcc_biocide_susceptibility,"Moore et al. 2009, Journal of Antimicrobial Chemotherapy",10.1093/jac/dkn540,https://pmc.ncbi.nlm.nih.gov/articles/PMC2640157/,B. vietnamiensis,J1738,,chlorhexidine,MIC,baseline,20–30,mg/L,True,j1738
moore_2009_bcc_biocide_susceptibility,"Moore et al. 2009, Journal of Antimicrobial Chemotherapy",10.1093/jac/dkn540,https://pmc.ncbi.nlm.nih.gov/articles/PMC2640157/,B. vietnamiensis,J1738,,chlorhexidine,MBC,baseline,100,mg/L,True,j1738
moore_2009_bcc_biocide_susceptibility,"Moore et al. 2009, Journal of Antimicrobial Chemotherapy",10.1093/jac/dkn540,https://pmc.ncbi.nlm.nih.gov/articles/PMC2640157/,B. vietnamiensis,J1738,,cetylpyridinium chloride,MIC,baseline,10–30,mg/L,True,j1738
moore_2009_bcc_biocide_susceptibility,"Moore et al. 2009, Journal of Antimicrobial Chemotherapy",10.1093/jac/dkn540,https://pmc.ncbi.nlm.nih.gov/articles/PMC2640157/,B. vietnamiensis,J1738,,cetylpyridinium chloride,MBC,baseline,50,mg/L,True,j1738
moore_2009_bcc_biocide_susceptibility,"Moore et al. 2009, Journal of Antimicrobial Chemotherapy",10.1093/jac/dkn540,https://pmc.ncbi.nlm.nih.gov/articles/PMC2640157/,B. vietnamiensis,J1738,,triclosan,MIC,baseline,50,mg/L,True,j1738
moore_2009_bcc_biocide_susceptibility,"Moore et al. 2009, Journal of Antimicrobial Chemotherapy",10.1093/jac/dkn540,https://pmc.ncbi.nlm.nih.gov/articles/PMC2640157/,B. vietnamiensis,J1738,,benzalkonium chloride,MIC,baseline,50,mg/L,True,j1738
moore_2009_bcc_biocide_susceptibility,"Moore et al. 2009, Journal of Antimicrobial Chemotherapy",10.1093/jac/dkn540,https://pmc.ncbi.nlm.nih.gov/articles/PMC2640157/,B. vietnamiensis,LMG 10929,,chlorhexidine,MIC,baseline,100,mg/L,True,lmg10929
moore_2009_bcc_biocide_susceptibility,"Moore et al. 2009, Journal of Antimicrobial Chemotherapy",10.1093/jac/dkn540,https://pmc.ncbi.nlm.nih.gov/articles/PMC2640157/,B. vietnamiensis,LMG 10929,,chlorhexidine,MBC,baseline,100,mg/L,True,lmg10929
moore_2009_bcc_biocide_susceptibility,"Moore et al. 2009, Journal of Antimicrobial Chemotherapy",10.1093/jac/dkn540,https://pmc.ncbi.nlm.nih.gov/articles/PMC2640157/,B. vietnamiensis,LMG 10929,,cetylpyridinium chloride,MIC,baseline,30–50,mg/L,True,lmg10929
moore_2009_bcc_biocide_susceptibility,"Moore et al. 2009, Journal of Antimicrobial Chemotherapy",10.1093/jac/dkn540,https://pmc.ncbi.nlm.nih.gov/articles/PMC2640157/,B. vietnamiensis,LMG 10929,,cetylpyridinium chloride,MBC,baseline,300,mg/L,True,lmg10929
moore_2009_bcc_biocide_susceptibility,"Moore et al. 2009, Journal of Antimicrobial Chemotherapy",10.1093/jac/dkn540,https://pmc.ncbi.nlm.nih.gov/articles/PMC2640157/,B. vietnamiensis,LMG 10929,,triclosan,MIC,baseline,100,mg/L,True,lmg10929
moore_2009_bcc_biocide_susceptibility,"Moore et al. 2009, Journal of Antimicrobial Chemotherapy",10.1093/jac/dkn540,https://pmc.ncbi.nlm.nih.gov/articles/PMC2640157/,B. vietnamiensis,LMG 10929,,benzalkonium chloride,MIC,baseline,50,mg/L,True,lmg10929
moore_2009_bcc_biocide_susceptibility,"Moore et al. 2009, Journal of Antimicrobial Chemotherapy",10.1093/jac/dkn540,https://pmc.ncbi.nlm.nih.gov/articles/PMC2640157/,B. dolosa,LMG 18943,,chlorhexidine,MIC,baseline,20–30,mg/L,True,lmg18943
moore_2009_bcc_biocide_susceptibility,"Moore et al. 2009, Journal of Antimicrobial Chemotherapy",10.1093/jac/dkn540,https://pmc.ncbi.nlm.nih.gov/articles/PMC2640157/,B. dolosa,LMG 18943,,chlorhexidine,MBC,baseline,300,mg/L,True,lmg18943
moore_2009_bcc_biocide_susceptibility,"Moore et al. 2009, Journal of Antimicrobial Chemotherapy",10.1093/jac/dkn540,https://pmc.ncbi.nlm.nih.gov/articles/PMC2640157/,B. dolosa,LMG 18943,,cetylpyridinium chloride,MIC,baseline,50–70,mg/L,True,lmg18943
moore_2009_bcc_biocide_susceptibility,"Moore et al. 2009, Journal of Antimicrobial Chemotherapy",10.1093/jac/dkn540,https://pmc.ncbi.nlm.nih.gov/articles/PMC2640157/,B. dolosa,LMG 18943,,cetylpyridinium chloride,MBC,baseline,2000,mg/L,True,lmg18943
moore_2009_bcc_biocide_susceptibility,"Moore et al. 2009, Journal of Antimicrobial Chemotherapy",10.1093/jac/dkn540,https://pmc.ncbi.nlm.nih.gov/articles/PMC2640157/,B. dolosa,LMG 18943,,triclosan,MIC,baseline,450–500,mg/L,True,lmg18943
moore_2009_bcc_biocide_susceptibility,"Moore et al. 2009, Journal of Antimicrobial Chemotherapy",10.1093/jac/dkn540,https://pmc.ncbi.nlm.nih.gov/articles/PMC2640157/,B. dolosa,LMG 18943,,benzalkonium chloride,MIC,baseline,200,mg/L,True,lmg18943
moore_2009_bcc_biocide_susceptibility,"Moore et al. 2009, Journal of Antimicrobial Chemotherapy",10.1093/jac/dkn540,https://pmc.ncbi.nlm.nih.gov/articles/PMC2640157/,B. dolosa,AU0090,,chlorhexidine,MIC,baseline,40–50,mg/L,True,au0090
moore_2009_bcc_biocide_susceptibility,"Moore et al. 2009, Journal of Antimicrobial Chemotherapy",10.1093/jac/dkn540,https://pmc.ncbi.nlm.nih.gov/articles/PMC2640157/,B. dolosa,AU0090,,chlorhexidine,MBC,baseline,100,mg/L,True,au0090
moore_2009_bcc_biocide_susceptibility,"Moore et al. 2009, Journal of Antimicrobial Chemotherapy",10.1093/jac/dkn540,https://pmc.ncbi.nlm.nih.gov/articles/PMC2640157/,B. dolosa,AU0090,,cetylpyridinium chloride,MIC,baseline,100–120,mg/L,True,au0090
moore_2009_bcc_biocide_susceptibility,"Moore et al. 2009, Journal of Antimicrobial Chemotherapy",10.1093/jac/dkn540,https://pmc.ncbi.nlm.nih.gov/articles/PMC2640157/,B. dolosa,AU0090,,cetylpyridinium chloride,MBC,baseline,5000,mg/L,True,au0090
moore_2009_bcc_biocide_susceptibility,"Moore et al. 2009, Journal of Antimicrobial Chemotherapy",10.1093/jac/dkn540,https://pmc.ncbi.nlm.nih.gov/articles/PMC2640157/,B. dolosa,AU0090,,triclosan,MIC,baseline,450–500,mg/L,True,au0090
moore_2009_bcc_biocide_susceptibility,"Moore et al. 2009, Journal of Antimicrobial Chemotherapy",10.1093/jac/dkn540,https://pmc.ncbi.nlm.nih.gov/articles/PMC2640157/,B. dolosa,AU0090,,benzalkonium chloride,MIC,baseline,100,mg/L,True,au0090
moore_2009_bcc_biocide_susceptibility,"Moore et al. 2009, Journal of Antimicrobial Chemotherapy",10.1093/jac/dkn540,https://pmc.ncbi.nlm.nih.gov/articles/PMC2640157/,B. ambifaria,MC40-6,,chlorhexidine,MIC,baseline,20–30,mg/L,True,mc406
moore_2009_bcc_biocide_susceptibility,"Moore et al. 2009, Journal of Antimicrobial Chemotherapy",10.1093/jac/dkn540,https://pmc.ncbi.nlm.nih.gov/articles/PMC2640157/,B. ambifaria,MC40-6,,chlorhexidine,MBC,baseline,50,mg/L,True,mc406
moore_2009_bcc_biocide_susceptibility,"Moore et al. 2009, Journal of Antimicrobial Chemotherapy",10.1093/jac/dkn540,https://pmc.ncbi.nlm.nih.gov/articles/PMC2640157/,B. ambifaria,MC40-6,,cetylpyridinium chloride,MIC,baseline,100–120,mg/L,True,mc406
moore_2009_bcc_biocide_susceptibility,"Moore et al. 2009, Journal of Antimicrobial Chemotherapy",10.1093/jac/dkn540,https://pmc.ncbi.nlm.nih.gov/articles/PMC2640157/,B. ambifaria,MC40-6,,cetylpyridinium chloride,MBC,baseline,2000,mg/L,True,mc406
moore_2009_bcc_biocide_susceptibility,"Moore et al. 2009, Journal of Antimicrobial Chemotherapy",10.1093/jac/dkn540,https://pmc.ncbi.nlm.nih.gov/articles/PMC2640157/,B. ambifaria,MC40-6,,triclosan,MIC,baseline,50,mg/L,True,mc406
moore_2009_bcc_biocide_susceptibility,"Moore et al. 2009, Journal of Antimicrobial Chemotherapy",10.1093/jac/dkn540,https://pmc.ncbi.nlm.nih.gov/articles/PMC2640157/,B. ambifaria,MC40-6,,benzalkonium chloride,MIC,baseline,50,mg/L,True,mc406
moore_2009_bcc_biocide_susceptibility,"Moore et al. 2009, Journal of Antimicrobial Chemotherapy",10.1093/jac/dkn540,https://pmc.ncbi.nlm.nih.gov/articles/PMC2640157/,B. ambifaria,ATCC 53267,,chlorhexidine,MIC,baseline,100,mg/L,True,atcc53267
moore_2009_bcc_biocide_susceptibility,"Moore et al. 2009, Journal of Antimicrobial Chemotherapy",10.1093/jac/dkn540,https://pmc.ncbi.nlm.nih.gov/articles/PMC2640157/,B. ambifaria,ATCC 53267,,chlorhexidine,MBC,baseline,—,mg/L,True,atcc53267
moore_2009_bcc_biocide_susceptibility,"Moore et al. 2009, Journal of Antimicrobial Chemotherapy",10.1093/jac/dkn540,https://pmc.ncbi.nlm.nih.gov/articles/PMC2640157/,B. ambifaria,ATCC 53267,,cetylpyridinium chloride,MIC,baseline,180–200,mg/L,True,atcc53267
moore_2009_bcc_biocide_susceptibility,"Moore et al. 2009, Journal of Antimicrobial Chemotherapy",10.1093/jac/dkn540,https://pmc.ncbi.nlm.nih.gov/articles/PMC2640157/,B. ambifaria,ATCC 53267,,cetylpyridinium chloride,MBC,baseline,5000,mg/L,True,atcc53267
moore_2009_bcc_biocide_susceptibility,"Moore et al. 2009, Journal of Antimicrobial Chemotherapy",10.1093/jac/dkn540,https://pmc.ncbi.nlm.nih.gov/articles/PMC2640157/,B. ambifaria,ATCC 53267,,triclosan,MIC,baseline,>500,mg/L,True,atcc53267
moore_2009_bcc_biocide_susceptibility,"Moore et al. 2009, Journal of Antimicrobial Chemotherapy",10.1093/jac/dkn540,https://pmc.ncbi.nlm.nih.gov/articles/PMC2640157/,B. ambifaria,ATCC 53267,,benzalkonium chloride,MIC,baseline,50,mg/L,True,atcc53267
moore_2009_bcc_biocide_susceptibility,"Moore et al. 2009, Journal of Antimicrobial Chemotherapy",10.1093/jac/dkn540,https://pmc.ncbi.nlm.nih.gov/articles/PMC2640157/,B. ambifaria,LMG 19467,,chlorhexidine,MIC,baseline,20–30,mg/L,True,lmg19467
moore_2009_bcc_biocide_susceptibility,"Moore et al. 2009, Journal of Antimicrobial Chemotherapy",10.1093/jac/dkn540,https://pmc.ncbi.nlm.nih.gov/articles/PMC2640157/,B. ambifaria,LMG 19467,,chlorhexidine,MBC,baseline,50,mg/L,True,lmg19467
moore_2009_bcc_biocide_susceptibility,"Moore et al. 2009, Journal of Antimicrobial Chemotherapy",10.1093/jac/dkn540,https://pmc.ncbi.nlm.nih.gov/articles/PMC2640157/,B. ambifaria,LMG 19467,,cetylpyridinium chloride,MIC,baseline,70–100,mg/L,True,lmg19467
moore_2009_bcc_biocide_susceptibility,"Moore et al. 2009, Journal of Antimicrobial Chemotherapy",10.1093/jac/dkn540,https://pmc.ncbi.nlm.nih.gov/articles/PMC2640157/,B. ambifaria,LMG 19467,,cetylpyridinium chloride,MBC,baseline,1000,mg/L,True,lmg19467
moore_2009_bcc_biocide_susceptibility,"Moore et al. 2009, Journal of Antimicrobial Chemotherapy",10.1093/jac/dkn540,https://pmc.ncbi.nlm.nih.gov/articles/PMC2640157/,B. ambifaria,LMG 19467,,triclosan,MIC,baseline,>500,mg/L,True,lmg19467
moore_2009_bcc_biocide_susceptibility,"Moore et al. 2009, Journal of Antimicrobial Chemotherapy",10.1093/jac/dkn540,https://pmc.ncbi.nlm.nih.gov/articles/PMC2640157/,B. ambifaria,LMG 19467,,benzalkonium chloride,MIC,baseline,150,mg/L,True,lmg19467
moore_2009_bcc_biocide_susceptibility,"Moore et al. 2009, Journal of Antimicrobial Chemotherapy",10.1093/jac/dkn540,https://pmc.ncbi.nlm.nih.gov/articles/PMC2640157/,B. anthina,LMG 16670,,chlorhexidine,MIC,baseline,10–20,mg/L,True,lmg16670
moore_2009_bcc_biocide_susceptibility,"Moore et al. 2009, Journal of Antimicrobial Chemotherapy",10.1093/jac/dkn540,https://pmc.ncbi.nlm.nih.gov/articles/PMC2640157/,B. anthina,LMG 16670,,chlorhexidine,MBC,baseline,50,mg/L,True,lmg16670
moore_2009_bcc_biocide_susceptibility,"Moore et al. 2009, Journal of Antimicrobial Chemotherapy",10.1093/jac/dkn540,https://pmc.ncbi.nlm.nih.gov/articles/PMC2640157/,B. anthina,LMG 16670,,cetylpyridinium chloride,MIC,baseline,70–100,mg/L,True,lmg16670
moore_2009_bcc_biocide_susceptibility,"Moore et al. 2009, Journal of Antimicrobial Chemotherapy",10.1093/jac/dkn540,https://pmc.ncbi.nlm.nih.gov/articles/PMC2640157/,B. anthina,LMG 16670,,cetylpyridinium chloride,MBC,baseline,500,mg/L,True,lmg16670
moore_2009_bcc_biocide_susceptibility,"Moore et al. 2009, Journal of Antimicrobial Chemotherapy",10.1093/jac/dkn540,https://pmc.ncbi.nlm.nih.gov/articles/PMC2640157/,B. anthina,LMG 16670,,triclosan,MIC,baseline,150–200,mg/L,True,lmg16670
moore_2009_bcc_biocide_susceptibility,"Moore et al. 2009, Journal of Antimicrobial Chemotherapy",10.1093/jac/dkn540,https://pmc.ncbi.nlm.nih.gov/articles/PMC2640157/,B. anthina,LMG 16670,,benzalkonium chloride,MIC,baseline,50,mg/L,True,lmg16670
moore_2009_bcc_biocide_susceptibility,"Moore et al. 2009, Journal of Antimicrobial Chemotherapy",10.1093/jac/dkn540,https://pmc.ncbi.nlm.nih.gov/articles/PMC2640157/,B. anthina,LMG 20980,,chlorhexidine,MIC,baseline,10–20,mg/L,True,lmg20980
moore_2009_bcc_biocide_susceptibility,"Moore et al. 2009, Journal of Antimicrobial Chemotherapy",10.1093/jac/dkn540,https://pmc.ncbi.nlm.nih.gov/articles/PMC2640157/,B. anthina,LMG 20980,,chlorhexidine,MBC,baseline,50,mg/L,True,lmg20980
moore_2009_bcc_biocide_susceptibility,"Moore et al. 2009, Journal of Antimicrobial Chemotherapy",10.1093/jac/dkn540,https://pmc.ncbi.nlm.nih.gov/articles/PMC2640157/,B. anthina,LMG 20980,,cetylpyridinium chloride,MIC,baseline,120–150,mg/L,True,lmg20980
moore_2009_bcc_biocide_susceptibility,"Moore et al. 2009, Journal of Antimicrobial Chemotherapy",10.1093/jac/dkn540,https://pmc.ncbi.nlm.nih.gov/articles/PMC2640157/,B. anthina,LMG 20980,,cetylpyridinium chloride,MBC,baseline,2000,mg/L,True,lmg20980
moore_2009_bcc_biocide_susceptibility,"Moore et al. 2009, Journal of Antimicrobial Chemotherapy",10.1093/jac/dkn540,https://pmc.ncbi.nlm.nih.gov/articles/PMC2640157/,B. anthina,LMG 20980,,triclosan,MIC,baseline,150,mg/L,True,lmg20980
moore_2009_bcc_biocide_susceptibility,"Moore et al. 2009, Journal of Antimicrobial Chemotherapy",10.1093/jac/dkn540,https://pmc.ncbi.nlm.nih.gov/articles/PMC2640157/,B. anthina,LMG 20980,,benzalkonium chloride,MIC,baseline,50–100,mg/L,True,lmg20980
moore_2009_bcc_biocide_susceptibility,"Moore et al. 2009, Journal of Antimicrobial Chemotherapy",10.1093/jac/dkn540,https://pmc.ncbi.nlm.nih.gov/articles/PMC2640157/,B. pyrrocinia,LMG 14191,,chlorhexidine,MIC,baseline,10–20,mg/L,True,lmg14191
moore_2009_bcc_biocide_susceptibility,"Moore et al. 2009, Journal of Antimicrobial Chemotherapy",10.1093/jac/dkn540,https://pmc.ncbi.nlm.nih.gov/articles/PMC2640157/,B. pyrrocinia,LMG 14191,,chlorhexidine,MBC,baseline,50,mg/L,True,lmg14191
moore_2009_bcc_biocide_susceptibility,"Moore et al. 2009, Journal of Antimicrobial Chemotherapy",10.1093/jac/dkn540,https://pmc.ncbi.nlm.nih.gov/articles/PMC2640157/,B. pyrrocinia,LMG 14191,,cetylpyridinium chloride,MIC,baseline,50–70,mg/L,True,lmg14191
moore_2009_bcc_biocide_susceptibility,"Moore et al. 2009, Journal of Antimicrobial Chemotherapy",10.1093/jac/dkn540,https://pmc.ncbi.nlm.nih.gov/articles/PMC2640157/,B. pyrrocinia,LMG 14191,,cetylpyridinium chloride,MBC,baseline,2000,mg/L,True,lmg14191
moore_2009_bcc_biocide_susceptibility,"Moore et al. 2009, Journal of Antimicrobial Chemotherapy",10.1093/jac/dkn540,https://pmc.ncbi.nlm.nih.gov/articles/PMC2640157/,B. pyrrocinia,LMG 14191,,triclosan,MIC,baseline,50,mg/L,True,lmg14191
moore_2009_bcc_biocide_susceptibility,"Moore et al. 2009, Journal of Antimicrobial Chemotherapy",10.1093/jac/dkn540,https://pmc.ncbi.nlm.nih.gov/articles/PMC2640157/,B. pyrrocinia,LMG 14191,,benzalkonium chloride,MIC,baseline,50,mg/L,True,lmg14191
moore_2009_bcc_biocide_susceptibility,"Moore et al. 2009, Journal of Antimicrobial Chemotherapy",10.1093/jac/dkn540,https://pmc.ncbi.nlm.nih.gov/articles/PMC2640157/,B. pyrrocinia,Mean maximum value (mg/L),,chlorhexidine,MIC,baseline,74,mg/L,True,meanmaximumvaluemgl
moore_2009_bcc_biocide_susceptibility,"Moore et al. 2009, Journal of Antimicrobial Chemotherapy",10.1093/jac/dkn540,https://pmc.ncbi.nlm.nih.gov/articles/PMC2640157/,B. pyrrocinia,Mean maximum value (mg/L),,chlorhexidine,MBC,baseline,229,mg/L,True,meanmaximumvaluemgl
moore_2009_bcc_biocide_susceptibility,"Moore et al. 2009, Journal of Antimicrobial Chemotherapy",10.1093/jac/dkn540,https://pmc.ncbi.nlm.nih.gov/articles/PMC2640157/,B. pyrrocinia,Mean maximum value (mg/L),,cetylpyridinium chloride,MIC,baseline,155,mg/L,True,meanmaximumvaluemgl
moore_2009_bcc_biocide_susceptibility,"Moore et al. 2009, Journal of Antimicrobial Chemotherapy",10.1093/jac/dkn540,https://pmc.ncbi.nlm.nih.gov/articles/PMC2640157/,B. pyrrocinia,Mean maximum value (mg/L),,cetylpyridinium chloride,MBC,baseline,2998,mg/L,True,meanmaximumvaluemgl
moore_2009_bcc_biocide_susceptibility,"Moore et al. 2009, Journal of Antimicrobial Chemotherapy",10.1093/jac/dkn540,https://pmc.ncbi.nlm.nih.gov/articles/PMC2640157/,B. pyrrocinia,Mean maximum value (mg/L),,triclosan,MIC,baseline,374,mg/L,True,meanmaximumvaluemgl
moore_2009_bcc_biocide_susceptibility,"Moore et al. 2009, Journal of Antimicrobial Chemotherapy",10.1093/jac/dkn540,https://pmc.ncbi.nlm.nih.gov/articles/PMC2640157/,B. pyrrocinia,Mean maximum value (mg/L),,benzalkonium chloride,MIC,baseline,164,mg/L,True,meanmaximumvaluemgl
kim_2015_bcc_chx_bzk,"Kim/Wang et al. 2015, J Ind Microbiol Biotechnol",10.1007/s10295-015-1605-x,https://pmc.ncbi.nlm.nih.gov/articles/PMC12381686/,B. cepacia,PC783,Onion,chlorhexidine,MIC,baseline,100,ug/mL,True,pc783
kim_2015_bcc_chx_bzk,"Kim/Wang et al. 2015, J Ind Microbiol Biotechnol",10.1007/s10295-015-1605-x,https://pmc.ncbi.nlm.nih.gov/articles/PMC12381686/,B. cepacia,PC783,Onion,chlorhexidine,MIC,day_40,100,ug/mL,True,pc783
kim_2015_bcc_chx_bzk,"Kim/Wang et al. 2015, J Ind Microbiol Biotechnol",10.1007/s10295-015-1605-x,https://pmc.ncbi.nlm.nih.gov/articles/PMC12381686/,B. cepacia,PC783,Onion,benzalkonium chloride,MIC,baseline,50,ug/mL,True,pc783
kim_2015_bcc_chx_bzk,"Kim/Wang et al. 2015, J Ind Microbiol Biotechnol",10.1007/s10295-015-1605-x,https://pmc.ncbi.nlm.nih.gov/articles/PMC12381686/,B. cepacia,PC783,Onion,benzalkonium chloride,MIC,day_40,50,ug/mL,True,pc783
kim_2015_bcc_chx_bzk,"Kim/Wang et al. 2015, J Ind Microbiol Biotechnol",10.1007/s10295-015-1605-x,https://pmc.ncbi.nlm.nih.gov/articles/PMC12381686/,B. cepacia,AU24442,CF sputum,chlorhexidine,MIC,baseline,200,ug/mL,True,au24442
kim_2015_bcc_chx_bzk,"Kim/Wang et al. 2015, J Ind Microbiol Biotechnol",10.1007/s10295-015-1605-x,https://pmc.ncbi.nlm.nih.gov/articles/PMC12381686/,B. cepacia,AU24442,CF sputum,chlorhexidine,MIC,day_40,100,ug/mL,True,au24442
kim_2015_bcc_chx_bzk,"Kim/Wang et al. 2015, J Ind Microbiol Biotechnol",10.1007/s10295-015-1605-x,https://pmc.ncbi.nlm.nih.gov/articles/PMC12381686/,B. cepacia,AU24442,CF sputum,benzalkonium chloride,MIC,baseline,50,ug/mL,True,au24442
kim_2015_bcc_chx_bzk,"Kim/Wang et al. 2015, J Ind Microbiol Biotechnol",10.1007/s10295-015-1605-x,https://pmc.ncbi.nlm.nih.gov/articles/PMC12381686/,B. cepacia,AU24442,CF sputum,benzalkonium chloride,MIC,day_40,50,ug/mL,True,au24442
kim_2015_bcc_chx_bzk,"Kim/Wang et al. 2015, J Ind Microbiol Biotechnol",10.1007/s10295-015-1605-x,https://pmc.ncbi.nlm.nih.gov/articles/PMC12381686/,B. multivorans,HI2229,Soil enriched with anthranilate,chlorhexidine,MIC,baseline,50,ug/mL,True,hi2229
kim_2015_bcc_chx_bzk,"Kim/Wang et al. 2015, J Ind Microbiol Biotechnol",10.1007/s10295-015-1605-x,https://pmc.ncbi.nlm.nih.gov/articles/PMC12381686/,B. multivorans,HI2229,Soil enriched with anthranilate,chlorhexidine,MIC,day_40,10,ug/mL,True,hi2229
kim_2015_bcc_chx_bzk,"Kim/Wang et al. 2015, J Ind Microbiol Biotechnol",10.1007/s10295-015-1605-x,https://pmc.ncbi.nlm.nih.gov/articles/PMC12381686/,B. multivorans,HI2229,Soil enriched with anthranilate,benzalkonium chloride,MIC,baseline,50,ug/mL,True,hi2229
kim_2015_bcc_chx_bzk,"Kim/Wang et al. 2015, J Ind Microbiol Biotechnol",10.1007/s10295-015-1605-x,https://pmc.ncbi.nlm.nih.gov/articles/PMC12381686/,B. multivorans,HI2229,Soil enriched with anthranilate,benzalkonium chloride,MIC,day_40,50,ug/mL,True,hi2229
kim_2015_bcc_chx_bzk,"Kim/Wang et al. 2015, J Ind Microbiol Biotechnol",10.1007/s10295-015-1605-x,https://pmc.ncbi.nlm.nih.gov/articles/PMC12381686/,B. multivorans,AU24571,CF sputum,chlorhexidine,MIC,baseline,50,ug/mL,True,au24571
kim_2015_bcc_chx_bzk,"Kim/Wang et al. 2015, J Ind Microbiol Biotechnol",10.1007/s10295-015-1605-x,https://pmc.ncbi.nlm.nih.gov/articles/PMC12381686/,B. multivorans,AU24571,CF sputum,chlorhexidine,MIC,day_40,10,ug/mL,True,au24571
kim_2015_bcc_chx_bzk,"Kim/Wang et al. 2015, J Ind Microbiol Biotechnol",10.1007/s10295-015-1605-x,https://pmc.ncbi.nlm.nih.gov/articles/PMC12381686/,B. multivorans,AU24571,CF sputum,benzalkonium chloride,MIC,baseline,50,ug/mL,True,au24571
kim_2015_bcc_chx_bzk,"Kim/Wang et al. 2015, J Ind Microbiol Biotechnol",10.1007/s10295-015-1605-x,https://pmc.ncbi.nlm.nih.gov/articles/PMC12381686/,B. multivorans,AU24571,CF sputum,benzalkonium chloride,MIC,day_40,50,ug/mL,True,au24571
kim_2015_bcc_chx_bzk,"Kim/Wang et al. 2015, J Ind Microbiol Biotechnol",10.1007/s10295-015-1605-x,https://pmc.ncbi.nlm.nih.gov/articles/PMC12381686/,B. stabilis,HI2210,CF patient,chlorhexidine,MIC,baseline,100,ug/mL,True,hi2210
kim_2015_bcc_chx_bzk,"Kim/Wang et al. 2015, J Ind Microbiol Biotechnol",10.1007/s10295-015-1605-x,https://pmc.ncbi.nlm.nih.gov/articles/PMC12381686/,B. stabilis,HI2210,CF patient,chlorhexidine,MIC,day_40,100,ug/mL,True,hi2210
kim_2015_bcc_chx_bzk,"Kim/Wang et al. 2015, J Ind Microbiol Biotechnol",10.1007/s10295-015-1605-x,https://pmc.ncbi.nlm.nih.gov/articles/PMC12381686/,B. stabilis,HI2210,CF patient,benzalkonium chloride,MIC,baseline,100,ug/mL,True,hi2210
kim_2015_bcc_chx_bzk,"Kim/Wang et al. 2015, J Ind Microbiol Biotechnol",10.1007/s10295-015-1605-x,https://pmc.ncbi.nlm.nih.gov/articles/PMC12381686/,B. stabilis,HI2210,CF patient,benzalkonium chloride,MIC,day_40,50,ug/mL,True,hi2210
kim_2015_bcc_chx_bzk,"Kim/Wang et al. 2015, J Ind Microbiol Biotechnol",10.1007/s10295-015-1605-x,https://pmc.ncbi.nlm.nih.gov/articles/PMC12381686/,B. stabilis,AU23340,CF sputum,chlorhexidine,MIC,baseline,100,ug/mL,True,au23340
kim_2015_bcc_chx_bzk,"Kim/Wang et al. 2015, J Ind Microbiol Biotechnol",10.1007/s10295-015-1605-x,https://pmc.ncbi.nlm.nih.gov/articles/PMC12381686/,B. stabilis,AU23340,CF sputum,chlorhexidine,MIC,day_40,100,ug/mL,True,au23340
kim_2015_bcc_chx_bzk,"Kim/Wang et al. 2015, J Ind Microbiol Biotechnol",10.1007/s10295-015-1605-x,https://pmc.ncbi.nlm.nih.gov/articles/PMC12381686/,B. stabilis,AU23340,CF sputum,benzalkonium chloride,MIC,baseline,100,ug/mL,True,au23340
kim_2015_bcc_chx_bzk,"Kim/Wang et al. 2015, J Ind Microbiol Biotechnol",10.1007/s10295-015-1605-x,https://pmc.ncbi.nlm.nih.gov/articles/PMC12381686/,B. stabilis,AU23340,CF sputum,benzalkonium chloride,MIC,day_40,50,ug/mL,True,au23340
kim_2015_bcc_chx_bzk,"Kim/Wang et al. 2015, J Ind Microbiol Biotechnol",10.1007/s10295-015-1605-x,https://pmc.ncbi.nlm.nih.gov/articles/PMC12381686/,B. pyrrocinia,AU11057,CF sputum,chlorhexidine,MIC,baseline,50,ug/mL,True,au11057
kim_2015_bcc_chx_bzk,"Kim/Wang et al. 2015, J Ind Microbiol Biotechnol",10.1007/s10295-015-1605-x,https://pmc.ncbi.nlm.nih.gov/articles/PMC12381686/,B. pyrrocinia,AU11057,CF sputum,chlorhexidine,MIC,day_40,50,ug/mL,True,au11057
kim_2015_bcc_chx_bzk,"Kim/Wang et al. 2015, J Ind Microbiol Biotechnol",10.1007/s10295-015-1605-x,https://pmc.ncbi.nlm.nih.gov/articles/PMC12381686/,B. pyrrocinia,AU11057,CF sputum,benzalkonium chloride,MIC,baseline,100,ug/mL,True,au11057
kim_2015_bcc_chx_bzk,"Kim/Wang et al. 2015, J Ind Microbiol Biotechnol",10.1007/s10295-015-1605-x,https://pmc.ncbi.nlm.nih.gov/articles/PMC12381686/,B. pyrrocinia,AU11057,CF sputum,benzalkonium chloride,MIC,day_40,50,ug/mL,True,au11057
kim_2015_bcc_chx_bzk,"Kim/Wang et al. 2015, J Ind Microbiol Biotechnol",10.1007/s10295-015-1605-x,https://pmc.ncbi.nlm.nih.gov/articles/PMC12381686/,B. ubonensis,AU7314,Non CF trachial aspirate,chlorhexidine,MIC,baseline,100,ug/mL,True,au7314
kim_2015_bcc_chx_bzk,"Kim/Wang et al. 2015, J Ind Microbiol Biotechnol",10.1007/s10295-015-1605-x,https://pmc.ncbi.nlm.nih.gov/articles/PMC12381686/,B. ubonensis,AU7314,Non CF trachial aspirate,chlorhexidine,MIC,day_40,100,ug/mL,True,au7314
kim_2015_bcc_chx_bzk,"Kim/Wang et al. 2015, J Ind Microbiol Biotechnol",10.1007/s10295-015-1605-x,https://pmc.ncbi.nlm.nih.gov/articles/PMC12381686/,B. ubonensis,AU7314,Non CF trachial aspirate,benzalkonium chloride,MIC,baseline,100,ug/mL,True,au7314
kim_2015_bcc_chx_bzk,"Kim/Wang et al. 2015, J Ind Microbiol Biotechnol",10.1007/s10295-015-1605-x,https://pmc.ncbi.nlm.nih.gov/articles/PMC12381686/,B. ubonensis,AU7314,Non CF trachial aspirate,benzalkonium chloride,MIC,day_40,50,ug/mL,True,au7314
kim_2015_bcc_chx_bzk,"Kim/Wang et al. 2015, J Ind Microbiol Biotechnol",10.1007/s10295-015-1605-x,https://pmc.ncbi.nlm.nih.gov/articles/PMC12381686/,B. vietnamiensis,HI2212,"Rice, rhizosphere soil",chlorhexidine,MIC,baseline,50,ug/mL,True,hi2212
kim_2015_bcc_chx_bzk,"Kim/Wang et al. 2015, J Ind Microbiol Biotechnol",10.1007/s10295-015-1605-x,https://pmc.ncbi.nlm.nih.gov/articles/PMC12381686/,B. vietnamiensis,HI2212,"Rice, rhizosphere soil",chlorhexidine,MIC,day_40,100,ug/mL,True,hi2212
kim_2015_bcc_chx_bzk,"Kim/Wang et al. 2015, J Ind Microbiol Biotechnol",10.1007/s10295-015-1605-x,https://pmc.ncbi.nlm.nih.gov/articles/PMC12381686/,B. vietnamiensis,HI2212,"Rice, rhizosphere soil",benzalkonium chloride,MIC,baseline,100,ug/mL,True,hi2212
kim_2015_bcc_chx_bzk,"Kim/Wang et al. 2015, J Ind Microbiol Biotechnol",10.1007/s10295-015-1605-x,https://pmc.ncbi.nlm.nih.gov/articles/PMC12381686/,B. vietnamiensis,HI2212,"Rice, rhizosphere soil",benzalkonium chloride,MIC,day_40,50,ug/mL,True,hi2212
kim_2015_bcc_chx_bzk,"Kim/Wang et al. 2015, J Ind Microbiol Biotechnol",10.1007/s10295-015-1605-x,https://pmc.ncbi.nlm.nih.gov/articles/PMC12381686/,B. vietnamiensis,AU24694,CF sputum,chlorhexidine,MIC,baseline,50,ug/mL,True,au24694
kim_2015_bcc_chx_bzk,"Kim/Wang et al. 2015, J Ind Microbiol Biotechnol",10.1007/s10295-015-1605-x,https://pmc.ncbi.nlm.nih.gov/articles/PMC12381686/,B. vietnamiensis,AU24694,CF sputum,chlorhexidine,MIC,day_40,10,ug/mL,True,au24694
kim_2015_bcc_chx_bzk,"Kim/Wang et al. 2015, J Ind Microbiol Biotechnol",10.1007/s10295-015-1605-x,https://pmc.ncbi.nlm.nih.gov/articles/PMC12381686/,B. vietnamiensis,AU24694,CF sputum,benzalkonium chloride,MIC,baseline,100,ug/mL,True,au24694
kim_2015_bcc_chx_bzk,"Kim/Wang et al. 2015, J Ind Microbiol Biotechnol",10.1007/s10295-015-1605-x,https://pmc.ncbi.nlm.nih.gov/articles/PMC12381686/,B. vietnamiensis,AU24694,CF sputum,benzalkonium chloride,MIC,day_40,50,ug/mL,True,au24694
kim_2015_bcc_chx_bzk,"Kim/Wang et al. 2015, J Ind Microbiol Biotechnol",10.1007/s10295-015-1605-x,https://pmc.ncbi.nlm.nih.gov/articles/PMC12381686/,B. dolosa,AU0645,CF sputum,chlorhexidine,MIC,baseline,50,ug/mL,True,au0645
kim_2015_bcc_chx_bzk,"Kim/Wang et al. 2015, J Ind Microbiol Biotechnol",10.1007/s10295-015-1605-x,https://pmc.ncbi.nlm.nih.gov/articles/PMC12381686/,B. dolosa,AU0645,CF sputum,chlorhexidine,MIC,day_40,10,ug/mL,True,au0645
kim_2015_bcc_chx_bzk,"Kim/Wang et al. 2015, J Ind Microbiol Biotechnol",10.1007/s10295-015-1605-x,https://pmc.ncbi.nlm.nih.gov/articles/PMC12381686/,B. dolosa,AU0645,CF sputum,benzalkonium chloride,MIC,baseline,100,ug/mL,True,au0645
kim_2015_bcc_chx_bzk,"Kim/Wang et al. 2015, J Ind Microbiol Biotechnol",10.1007/s10295-015-1605-x,https://pmc.ncbi.nlm.nih.gov/articles/PMC12381686/,B. dolosa,AU0645,CF sputum,benzalkonium chloride,MIC,day_40,50,ug/mL,True,au0645
kim_2015_bcc_chx_bzk,"Kim/Wang et al. 2015, J Ind Microbiol Biotechnol",10.1007/s10295-015-1605-x,https://pmc.ncbi.nlm.nih.gov/articles/PMC12381686/,B. dolosa,AU22866,CF throat,chlorhexidine,MIC,baseline,50,ug/mL,True,au22866
kim_2015_bcc_chx_bzk,"Kim/Wang et al. 2015, J Ind Microbiol Biotechnol",10.1007/s10295-015-1605-x,https://pmc.ncbi.nlm.nih.gov/articles/PMC12381686/,B. dolosa,AU22866,CF throat,chlorhexidine,MIC,day_40,10,ug/mL,True,au22866
kim_2015_bcc_chx_bzk,"Kim/Wang et al. 2015, J Ind Microbiol Biotechnol",10.1007/s10295-015-1605-x,https://pmc.ncbi.nlm.nih.gov/articles/PMC12381686/,B. dolosa,AU22866,CF throat,benzalkonium chloride,MIC,baseline,100,ug/mL,True,au22866
kim_2015_bcc_chx_bzk,"Kim/Wang et al. 2015, J Ind Microbiol Biotechnol",10.1007/s10295-015-1605-x,https://pmc.ncbi.nlm.nih.gov/articles/PMC12381686/,B. dolosa,AU22866,CF throat,benzalkonium chloride,MIC,day_40,50,ug/mL,True,au22866
kim_2015_bcc_chx_bzk,"Kim/Wang et al. 2015, J Ind Microbiol Biotechnol",10.1007/s10295-015-1605-x,https://pmc.ncbi.nlm.nih.gov/articles/PMC12381686/,B. ambifaria,HI2468,"Pea, rhizosphere",chlorhexidine,MIC,baseline,50,ug/mL,True,hi2468
kim_2015_bcc_chx_bzk,"Kim/Wang et al. 2015, J Ind Microbiol Biotechnol",10.1007/s10295-015-1605-x,https://pmc.ncbi.nlm.nih.gov/articles/PMC12381686/,B. ambifaria,HI2468,"Pea, rhizosphere",chlorhexidine,MIC,day_40,10,ug/mL,True,hi2468
kim_2015_bcc_chx_bzk,"Kim/Wang et al. 2015, J Ind Microbiol Biotechnol",10.1007/s10295-015-1605-x,https://pmc.ncbi.nlm.nih.gov/articles/PMC12381686/,B. ambifaria,HI2468,"Pea, rhizosphere",benzalkonium chloride,MIC,baseline,50,ug/mL,True,hi2468
kim_2015_bcc_chx_bzk,"Kim/Wang et al. 2015, J Ind Microbiol Biotechnol",10.1007/s10295-015-1605-x,https://pmc.ncbi.nlm.nih.gov/articles/PMC12381686/,B. ambifaria,HI2468,"Pea, rhizosphere",benzalkonium chloride,MIC,day_40,50,ug/mL,True,hi2468
kim_2015_bcc_chx_bzk,"Kim/Wang et al. 2015, J Ind Microbiol Biotechnol",10.1007/s10295-015-1605-x,https://pmc.ncbi.nlm.nih.gov/articles/PMC12381686/,B. ambifaria,AU23145,CF sputum,chlorhexidine,MIC,baseline,50,ug/mL,True,au23145
kim_2015_bcc_chx_bzk,"Kim/Wang et al. 2015, J Ind Microbiol Biotechnol",10.1007/s10295-015-1605-x,https://pmc.ncbi.nlm.nih.gov/articles/PMC12381686/,B. ambifaria,AU23145,CF sputum,chlorhexidine,MIC,day_40,10,ug/mL,True,au23145
kim_2015_bcc_chx_bzk,"Kim/Wang et al. 2015, J Ind Microbiol Biotechnol",10.1007/s10295-015-1605-x,https://pmc.ncbi.nlm.nih.gov/articles/PMC12381686/,B. ambifaria,AU23145,CF sputum,benzalkonium chloride,MIC,baseline,100,ug/mL,True,au23145
kim_2015_bcc_chx_bzk,"Kim/Wang et al. 2015, J Ind Microbiol Biotechnol",10.1007/s10295-015-1605-x,https://pmc.ncbi.nlm.nih.gov/articles/PMC12381686/,B. ambifaria,AU23145,CF sputum,benzalkonium chloride,MIC,day_40,50,ug/mL,True,au23145
kim_2015_bcc_chx_bzk,"Kim/Wang et al. 2015, J Ind Microbiol Biotechnol",10.1007/s10295-015-1605-x,https://pmc.ncbi.nlm.nih.gov/articles/PMC12381686/,B. anthina,HI2738,Soil rhizosphere,chlorhexidine,MIC,baseline,50,ug/mL,True,hi2738
kim_2015_bcc_chx_bzk,"Kim/Wang et al. 2015, J Ind Microbiol Biotechnol",10.1007/s10295-015-1605-x,https://pmc.ncbi.nlm.nih.gov/articles/PMC12381686/,B. anthina,HI2738,Soil rhizosphere,chlorhexidine,MIC,day_40,10,ug/mL,True,hi2738
kim_2015_bcc_chx_bzk,"Kim/Wang et al. 2015, J Ind Microbiol Biotechnol",10.1007/s10295-015-1605-x,https://pmc.ncbi.nlm.nih.gov/articles/PMC12381686/,B. anthina,HI2738,Soil rhizosphere,benzalkonium chloride,MIC,baseline,50,ug/mL,True,hi2738
kim_2015_bcc_chx_bzk,"Kim/Wang et al. 2015, J Ind Microbiol Biotechnol",10.1007/s10295-015-1605-x,https://pmc.ncbi.nlm.nih.gov/articles/PMC12381686/,B. anthina,HI2738,Soil rhizosphere,benzalkonium chloride,MIC,day_40,50,ug/mL,True,hi2738
kim_2015_bcc_chx_bzk,"Kim/Wang et al. 2015, J Ind Microbiol Biotechnol",10.1007/s10295-015-1605-x,https://pmc.ncbi.nlm.nih.gov/articles/PMC12381686/,B. anthina,AU21054,CF throat,chlorhexidine,MIC,baseline,50,ug/mL,True,au21054
kim_2015_bcc_chx_bzk,"Kim/Wang et al. 2015, J Ind Microbiol Biotechnol",10.1007/s10295-015-1605-x,https://pmc.ncbi.nlm.nih.gov/articles/PMC12381686/,B. anthina,AU21054,CF throat,chlorhexidine,MIC,day_40,10,ug/mL,True,au21054
kim_2015_bcc_chx_bzk,"Kim/Wang et al. 2015, J Ind Microbiol Biotechnol",10.1007/s10295-015-1605-x,https://pmc.ncbi.nlm.nih.gov/articles/PMC12381686/,B. anthina,AU21054,CF throat,benzalkonium chloride,MIC,baseline,100,ug/mL,True,au21054
kim_2015_bcc_chx_bzk,"Kim/Wang et al. 2015, J Ind Microbiol Biotechnol",10.1007/s10295-015-1605-x,https://pmc.ncbi.nlm.nih.gov/articles/PMC12381686/,B. anthina,AU21054,CF throat,benzalkonium chloride,MIC,day_40,50,ug/mL,True,au21054
kim_2015_bcc_chx_bzk,"Kim/Wang et al. 2015, J Ind Microbiol Biotechnol",10.1007/s10295-015-1605-x,https://pmc.ncbi.nlm.nih.gov/articles/PMC12381686/,B. metallica,AU0553,CF sputum,chlorhexidine,MIC,baseline,50,ug/mL,True,au0553
kim_2015_bcc_chx_bzk,"Kim/Wang et al. 2015, J Ind Microbiol Biotechnol",10.1007/s10295-015-1605-x,https://pmc.ncbi.nlm.nih.gov/articles/PMC12381686/,B. metallica,AU0553,CF sputum,chlorhexidine,MIC,day_40,10,ug/mL,True,au0553
kim_2015_bcc_chx_bzk,"Kim/Wang et al. 2015, J Ind Microbiol Biotechnol",10.1007/s10295-015-1605-x,https://pmc.ncbi.nlm.nih.gov/articles/PMC12381686/,B. metallica,AU0553,CF sputum,benzalkonium chloride,MIC,baseline,50,ug/mL,True,au0553
kim_2015_bcc_chx_bzk,"Kim/Wang et al. 2015, J Ind Microbiol Biotechnol",10.1007/s10295-015-1605-x,https://pmc.ncbi.nlm.nih.gov/articles/PMC12381686/,B. metallica,AU0553,CF sputum,benzalkonium chloride,MIC,day_40,50,ug/mL,True,au0553
kim_2015_bcc_chx_bzk,"Kim/Wang et al. 2015, J Ind Microbiol Biotechnol",10.1007/s10295-015-1605-x,https://pmc.ncbi.nlm.nih.gov/articles/PMC12381686/,B. metallica,AU16697,CF sputum,chlorhexidine,MIC,baseline,50,ug/mL,True,au16697
kim_2015_bcc_chx_bzk,"Kim/Wang et al. 2015, J Ind Microbiol Biotechnol",10.1007/s10295-015-1605-x,https://pmc.ncbi.nlm.nih.gov/articles/PMC12381686/,B. metallica,AU16697,CF sputum,chlorhexidine,MIC,day_40,10,ug/mL,True,au16697
kim_2015_bcc_chx_bzk,"Kim/Wang et al. 2015, J Ind Microbiol Biotechnol",10.1007/s10295-015-1605-x,https://pmc.ncbi.nlm.nih.gov/articles/PMC12381686/,B. metallica,AU16697,CF sputum,benzalkonium chloride,MIC,baseline,100,ug/mL,True,au16697
kim_2015_bcc_chx_bzk,"Kim/Wang et al. 2015, J Ind Microbiol Biotechnol",10.1007/s10295-015-1605-x,https://pmc.ncbi.nlm.nih.gov/articles/PMC12381686/,B. metallica,AU16697,CF sputum,benzalkonium chloride,MIC,day_40,50,ug/mL,True,au16697
kim_2015_bcc_chx_bzk,"Kim/Wang et al. 2015, J Ind Microbiol Biotechnol",10.1007/s10295-015-1605-x,https://pmc.ncbi.nlm.nih.gov/articles/PMC12381686/,B. contaminans,HI3429,"Sheep with mastitis, milk",chlorhexidine,MIC,baseline,100,ug/mL,True,hi3429
kim_2015_bcc_chx_bzk,"Kim/Wang et al. 2015, J Ind Microbiol Biotechnol",10.1007/s10295-015-1605-x,https://pmc.ncbi.nlm.nih.gov/articles/PMC12381686/,B. contaminans,HI3429,"Sheep with mastitis, milk",chlorhexidine,MIC,day_40,50,ug/mL,True,hi3429
kim_2015_bcc_chx_bzk,"Kim/Wang et al. 2015, J Ind Microbiol Biotechnol",10.1007/s10295-015-1605-x,https://pmc.ncbi.nlm.nih.gov/articles/PMC12381686/,B. contaminans,HI3429,"Sheep with mastitis, milk",benzalkonium chloride,MIC,baseline,100,ug/mL,True,hi3429
kim_2015_bcc_chx_bzk,"Kim/Wang et al. 2015, J Ind Microbiol Biotechnol",10.1007/s10295-015-1605-x,https://pmc.ncbi.nlm.nih.gov/articles/PMC12381686/,B. contaminans,HI3429,"Sheep with mastitis, milk",benzalkonium chloride,MIC,day_40,50,ug/mL,True,hi3429
kim_2015_bcc_chx_bzk,"Kim/Wang et al. 2015, J Ind Microbiol Biotechnol",10.1007/s10295-015-1605-x,https://pmc.ncbi.nlm.nih.gov/articles/PMC12381686/,B. contaminans,AU24637,CF lung,chlorhexidine,MIC,baseline,100,ug/mL,True,au24637
kim_2015_bcc_chx_bzk,"Kim/Wang et al. 2015, J Ind Microbiol Biotechnol",10.1007/s10295-015-1605-x,https://pmc.ncbi.nlm.nih.gov/articles/PMC12381686/,B. contaminans,AU24637,CF lung,chlorhexidine,MIC,day_40,50,ug/mL,True,au24637
kim_2015_bcc_chx_bzk,"Kim/Wang et al. 2015, J Ind Microbiol Biotechnol",10.1007/s10295-015-1605-x,https://pmc.ncbi.nlm.nih.gov/articles/PMC12381686/,B. contaminans,AU24637,CF lung,benzalkonium chloride,MIC,baseline,50,ug/mL,True,au24637
kim_2015_bcc_chx_bzk,"Kim/Wang et al. 2015, J Ind Microbiol Biotechnol",10.1007/s10295-015-1605-x,https://pmc.ncbi.nlm.nih.gov/articles/PMC12381686/,B. contaminans,AU24637,CF lung,benzalkonium chloride,MIC,day_40,50,ug/mL,True,au24637
kim_2015_bcc_chx_bzk,"Kim/Wang et al. 2015, J Ind Microbiol Biotechnol",10.1007/s10295-015-1605-x,https://pmc.ncbi.nlm.nih.gov/articles/PMC12381686/,B. diffusa,AU1075,CF sputum,chlorhexidine,MIC,baseline,50,ug/mL,True,au1075
kim_2015_bcc_chx_bzk,"Kim/Wang et al. 2015, J Ind Microbiol Biotechnol",10.1007/s10295-015-1605-x,https://pmc.ncbi.nlm.nih.gov/articles/PMC12381686/,B. diffusa,AU1075,CF sputum,chlorhexidine,MIC,day_40,10,ug/mL,True,au1075
kim_2015_bcc_chx_bzk,"Kim/Wang et al. 2015, J Ind Microbiol Biotechnol",10.1007/s10295-015-1605-x,https://pmc.ncbi.nlm.nih.gov/articles/PMC12381686/,B. diffusa,AU1075,CF sputum,benzalkonium chloride,MIC,baseline,50,ug/mL,True,au1075
kim_2015_bcc_chx_bzk,"Kim/Wang et al. 2015, J Ind Microbiol Biotechnol",10.1007/s10295-015-1605-x,https://pmc.ncbi.nlm.nih.gov/articles/PMC12381686/,B. diffusa,AU1075,CF sputum,benzalkonium chloride,MIC,day_40,50,ug/mL,True,au1075
kim_2015_bcc_chx_bzk,"Kim/Wang et al. 2015, J Ind Microbiol Biotechnol",10.1007/s10295-015-1605-x,https://pmc.ncbi.nlm.nih.gov/articles/PMC12381686/,B. diffusa,AU19637,CF sputum,chlorhexidine,MIC,baseline,50,ug/mL,True,au19637
kim_2015_bcc_chx_bzk,"Kim/Wang et al. 2015, J Ind Microbiol Biotechnol",10.1007/s10295-015-1605-x,https://pmc.ncbi.nlm.nih.gov/articles/PMC12381686/,B. diffusa,AU19637,CF sputum,chlorhexidine,MIC,day_40,50,ug/mL,True,au19637
kim_2015_bcc_chx_bzk,"Kim/Wang et al. 2015, J Ind Microbiol Biotechnol",10.1007/s10295-015-1605-x,https://pmc.ncbi.nlm.nih.gov/articles/PMC12381686/,B. diffusa,AU19637,CF sputum,benzalkonium chloride,MIC,baseline,100,ug/mL,True,au19637
kim_2015_bcc_chx_bzk,"Kim/Wang et al. 2015, J Ind Microbiol Biotechnol",10.1007/s10295-015-1605-x,https://pmc.ncbi.nlm.nih.gov/articles/PMC12381686/,B. diffusa,AU19637,CF sputum,benzalkonium chloride,MIC,day_40,50,ug/mL,True,au19637
kim_2015_bcc_chx_bzk,"Kim/Wang et al. 2015, J Ind Microbiol Biotechnol",10.1007/s10295-015-1605-x,https://pmc.ncbi.nlm.nih.gov/articles/PMC12381686/,B. arboris,ES0263a,Soil,chlorhexidine,MIC,baseline,100,ug/mL,True,es0263a
kim_2015_bcc_chx_bzk,"Kim/Wang et al. 2015, J Ind Microbiol Biotechnol",10.1007/s10295-015-1605-x,https://pmc.ncbi.nlm.nih.gov/articles/PMC12381686/,B. arboris,ES0263a,Soil,chlorhexidine,MIC,day_40,50,ug/mL,True,es0263a
kim_2015_bcc_chx_bzk,"Kim/Wang et al. 2015, J Ind Microbiol Biotechnol",10.1007/s10295-015-1605-x,https://pmc.ncbi.nlm.nih.gov/articles/PMC12381686/,B. arboris,ES0263a,Soil,benzalkonium chloride,MIC,baseline,100,ug/mL,True,es0263a
kim_2015_bcc_chx_bzk,"Kim/Wang et al. 2015, J Ind Microbiol Biotechnol",10.1007/s10295-015-1605-x,https://pmc.ncbi.nlm.nih.gov/articles/PMC12381686/,B. arboris,ES0263a,Soil,benzalkonium chloride,MIC,day_40,50,ug/mL,True,es0263a
kim_2015_bcc_chx_bzk,"Kim/Wang et al. 2015, J Ind Microbiol Biotechnol",10.1007/s10295-015-1605-x,https://pmc.ncbi.nlm.nih.gov/articles/PMC12381686/,B. arboris,AU22095,CF sputum,chlorhexidine,MIC,baseline,100,ug/mL,True,au22095
kim_2015_bcc_chx_bzk,"Kim/Wang et al. 2015, J Ind Microbiol Biotechnol",10.1007/s10295-015-1605-x,https://pmc.ncbi.nlm.nih.gov/articles/PMC12381686/,B. arboris,AU22095,CF sputum,chlorhexidine,MIC,day_40,50,ug/mL,True,au22095
kim_2015_bcc_chx_bzk,"Kim/Wang et al. 2015, J Ind Microbiol Biotechnol",10.1007/s10295-015-1605-x,https://pmc.ncbi.nlm.nih.gov/articles/PMC12381686/,B. arboris,AU22095,CF sputum,benzalkonium chloride,MIC,baseline,100,ug/mL,True,au22095
kim_2015_bcc_chx_bzk,"Kim/Wang et al. 2015, J Ind Microbiol Biotechnol",10.1007/s10295-015-1605-x,https://pmc.ncbi.nlm.nih.gov/articles/PMC12381686/,B. arboris,AU22095,CF sputum,benzalkonium chloride,MIC,day_40,50,ug/mL,True,au22095
kim_2015_bcc_chx_bzk,"Kim/Wang et al. 2015, J Ind Microbiol Biotechnol",10.1007/s10295-015-1605-x,https://pmc.ncbi.nlm.nih.gov/articles/PMC12381686/,B. lata,HI4002,Forest soil,chlorhexidine,MIC,baseline,100,ug/mL,True,hi4002
kim_2015_bcc_chx_bzk,"Kim/Wang et al. 2015, J Ind Microbiol Biotechnol",10.1007/s10295-015-1605-x,https://pmc.ncbi.nlm.nih.gov/articles/PMC12381686/,B. lata,HI4002,Forest soil,chlorhexidine,MIC,day_40,50,ug/mL,True,hi4002
kim_2015_bcc_chx_bzk,"Kim/Wang et al. 2015, J Ind Microbiol Biotechnol",10.1007/s10295-015-1605-x,https://pmc.ncbi.nlm.nih.gov/articles/PMC12381686/,B. lata,HI4002,Forest soil,benzalkonium chloride,MIC,baseline,100,ug/mL,True,hi4002
kim_2015_bcc_chx_bzk,"Kim/Wang et al. 2015, J Ind Microbiol Biotechnol",10.1007/s10295-015-1605-x,https://pmc.ncbi.nlm.nih.gov/articles/PMC12381686/,B. lata,HI4002,Forest soil,benzalkonium chloride,MIC,day_40,50,ug/mL,True,hi4002
kim_2015_bcc_chx_bzk,"Kim/Wang et al. 2015, J Ind Microbiol Biotechnol",10.1007/s10295-015-1605-x,https://pmc.ncbi.nlm.nih.gov/articles/PMC12381686/,B. latens,AU4105,CF sputum,chlorhexidine,MIC,baseline,50,ug/mL,True,au4105
kim_2015_bcc_chx_bzk,"Kim/Wang et al. 2015, J Ind Microbiol Biotechnol",10.1007/s10295-015-1605-x,https://pmc.ncbi.nlm.nih.gov/articles/PMC12381686/,B. latens,AU4105,CF sputum,chlorhexidine,MIC,day_40,50,ug/mL,True,au4105
kim_2015_bcc_chx_bzk,"Kim/Wang et al. 2015, J Ind Microbiol Biotechnol",10.1007/s10295-015-1605-x,https://pmc.ncbi.nlm.nih.gov/articles/PMC12381686/,B. latens,AU4105,CF sputum,benzalkonium chloride,MIC,baseline,100,ug/mL,True,au4105
kim_2015_bcc_chx_bzk,"Kim/Wang et al. 2015, J Ind Microbiol Biotechnol",10.1007/s10295-015-1605-x,https://pmc.ncbi.nlm.nih.gov/articles/PMC12381686/,B. latens,AU4105,CF sputum,benzalkonium chloride,MIC,day_40,50,ug/mL,True,au4105
kim_2015_bcc_chx_bzk,"Kim/Wang et al. 2015, J Ind Microbiol Biotechnol",10.1007/s10295-015-1605-x,https://pmc.ncbi.nlm.nih.gov/articles/PMC12381686/,B. latens,AU22890,CF sputum,chlorhexidine,MIC,baseline,50,ug/mL,True,au22890
kim_2015_bcc_chx_bzk,"Kim/Wang et al. 2015, J Ind Microbiol Biotechnol",10.1007/s10295-015-1605-x,https://pmc.ncbi.nlm.nih.gov/articles/PMC12381686/,B. latens,AU22890,CF sputum,chlorhexidine,MIC,day_40,100,ug/mL,True,au22890
kim_2015_bcc_chx_bzk,"Kim/Wang et al. 2015, J Ind Microbiol Biotechnol",10.1007/s10295-015-1605-x,https://pmc.ncbi.nlm.nih.gov/articles/PMC12381686/,B. latens,AU22890,CF sputum,benzalkonium chloride,MIC,baseline,100,ug/mL,True,au22890
kim_2015_bcc_chx_bzk,"Kim/Wang et al. 2015, J Ind Microbiol Biotechnol",10.1007/s10295-015-1605-x,https://pmc.ncbi.nlm.nih.gov/articles/PMC12381686/,B. latens,AU22890,CF sputum,benzalkonium chloride,MIC,day_40,50,ug/mL,True,au22890
kim_2015_bcc_chx_bzk,"Kim/Wang et al. 2015, J Ind Microbiol Biotechnol",10.1007/s10295-015-1605-x,https://pmc.ncbi.nlm.nih.gov/articles/PMC12381686/,B. seminalis,AU0475,Environment,chlorhexidine,MIC,baseline,100,ug/mL,True,au0475
kim_2015_bcc_chx_bzk,"Kim/Wang et al. 2015, J Ind Microbiol Biotechnol",10.1007/s10295-015-1605-x,https://pmc.ncbi.nlm.nih.gov/articles/PMC12381686/,B. seminalis,AU0475,Environment,chlorhexidine,MIC,day_40,50,ug/mL,True,au0475
kim_2015_bcc_chx_bzk,"Kim/Wang et al. 2015, J Ind Microbiol Biotechnol",10.1007/s10295-015-1605-x,https://pmc.ncbi.nlm.nih.gov/articles/PMC12381686/,B. seminalis,AU0475,Environment,benzalkonium chloride,MIC,baseline,100,ug/mL,True,au0475
kim_2015_bcc_chx_bzk,"Kim/Wang et al. 2015, J Ind Microbiol Biotechnol",10.1007/s10295-015-1605-x,https://pmc.ncbi.nlm.nih.gov/articles/PMC12381686/,B. seminalis,AU0475,Environment,benzalkonium chloride,MIC,day_40,50,ug/mL,True,au0475
kim_2015_bcc_chx_bzk,"Kim/Wang et al. 2015, J Ind Microbiol Biotechnol",10.1007/s10295-015-1605-x,https://pmc.ncbi.nlm.nih.gov/articles/PMC12381686/,B. seminalis,AU23436,CF sputum,chlorhexidine,MIC,baseline,100,ug/mL,True,au23436
kim_2015_bcc_chx_bzk,"Kim/Wang et al. 2015, J Ind Microbiol Biotechnol",10.1007/s10295-015-1605-x,https://pmc.ncbi.nlm.nih.gov/articles/PMC12381686/,B. seminalis,AU23436,CF sputum,chlorhexidine,MIC,day_40,50,ug/mL,True,au23436
kim_2015_bcc_chx_bzk,"Kim/Wang et al. 2015, J Ind Microbiol Biotechnol",10.1007/s10295-015-1605-x,https://pmc.ncbi.nlm.nih.gov/articles/PMC12381686/,B. seminalis,AU23436,CF sputum,benzalkonium chloride,MIC,baseline,100,ug/mL,True,au23436
kim_2015_bcc_chx_bzk,"Kim/Wang et al. 2015, J Ind Microbiol Biotechnol",10.1007/s10295-015-1605-x,https://pmc.ncbi.nlm.nih.gov/articles/PMC12381686/,B. seminalis,AU23436,CF sputum,benzalkonium chloride,MIC,day_40,50,ug/mL,True,au23436
kim_2015_bcc_chx_bzk,"Kim/Wang et al. 2015, J Ind Microbiol Biotechnol",10.1007/s10295-015-1605-x,https://pmc.ncbi.nlm.nih.gov/articles/PMC12381686/,B. cenocepacia,HI2718,CF patient,chlorhexidine,MIC,baseline,500,ug/mL,True,hi2718
kim_2015_bcc_chx_bzk,"Kim/Wang et al. 2015, J Ind Microbiol Biotechnol",10.1007/s10295-015-1605-x,https://pmc.ncbi.nlm.nih.gov/articles/PMC12381686/,B. cenocepacia,HI2718,CF patient,chlorhexidine,MIC,day_40,50,ug/mL,True,hi2718
kim_2015_bcc_chx_bzk,"Kim/Wang et al. 2015, J Ind Microbiol Biotechnol",10.1007/s10295-015-1605-x,https://pmc.ncbi.nlm.nih.gov/articles/PMC12381686/,B. cenocepacia,HI2718,CF patient,benzalkonium chloride,MIC,baseline,500,ug/mL,True,hi2718
kim_2015_bcc_chx_bzk,"Kim/Wang et al. 2015, J Ind Microbiol Biotechnol",10.1007/s10295-015-1605-x,https://pmc.ncbi.nlm.nih.gov/articles/PMC12381686/,B. cenocepacia,HI2718,CF patient,benzalkonium chloride,MIC,day_40,200,ug/mL,True,hi2718
kim_2015_bcc_chx_bzk,"Kim/Wang et al. 2015, J Ind Microbiol Biotechnol",10.1007/s10295-015-1605-x,https://pmc.ncbi.nlm.nih.gov/articles/PMC12381686/,B. cenocepacia,AU1054,CF blood,chlorhexidine,MIC,baseline,100,ug/mL,True,au1054
kim_2015_bcc_chx_bzk,"Kim/Wang et al. 2015, J Ind Microbiol Biotechnol",10.1007/s10295-015-1605-x,https://pmc.ncbi.nlm.nih.gov/articles/PMC12381686/,B. cenocepacia,AU1054,CF blood,chlorhexidine,MIC,day_40,50,ug/mL,True,au1054
kim_2015_bcc_chx_bzk,"Kim/Wang et al. 2015, J Ind Microbiol Biotechnol",10.1007/s10295-015-1605-x,https://pmc.ncbi.nlm.nih.gov/articles/PMC12381686/,B. cenocepacia,AU1054,CF blood,benzalkonium chloride,MIC,baseline,200,ug/mL,True,au1054
kim_2015_bcc_chx_bzk,"Kim/Wang et al. 2015, J Ind Microbiol Biotechnol",10.1007/s10295-015-1605-x,https://pmc.ncbi.nlm.nih.gov/articles/PMC12381686/,B. cenocepacia,AU1054,CF blood,benzalkonium chloride,MIC,day_40,100,ug/mL,True,au1054
kim_2015_bcc_chx_bzk,"Kim/Wang et al. 2015, J Ind Microbiol Biotechnol",10.1007/s10295-015-1605-x,https://pmc.ncbi.nlm.nih.gov/articles/PMC12381686/,B. cenocepacia,AU0222,CF patient,chlorhexidine,MIC,baseline,100,ug/mL,True,au0222
kim_2015_bcc_chx_bzk,"Kim/Wang et al. 2015, J Ind Microbiol Biotechnol",10.1007/s10295-015-1605-x,https://pmc.ncbi.nlm.nih.gov/articles/PMC12381686/,B. cenocepacia,AU0222,CF patient,chlorhexidine,MIC,day_40,50,ug/mL,True,au0222
kim_2015_bcc_chx_bzk,"Kim/Wang et al. 2015, J Ind Microbiol Biotechnol",10.1007/s10295-015-1605-x,https://pmc.ncbi.nlm.nih.gov/articles/PMC12381686/,B. cenocepacia,AU0222,CF patient,benzalkonium chloride,MIC,baseline,200,ug/mL,True,au0222
kim_2015_bcc_chx_bzk,"Kim/Wang et al. 2015, J Ind Microbiol Biotechnol",10.1007/s10295-015-1605-x,https://pmc.ncbi.nlm.nih.gov/articles/PMC12381686/,B. cenocepacia,AU0222,CF patient,benzalkonium chloride,MIC,day_40,100,ug/mL,True,au0222
kim_2015_bcc_chx_bzk,"Kim/Wang et al. 2015, J Ind Microbiol Biotechnol",10.1007/s10295-015-1605-x,https://pmc.ncbi.nlm.nih.gov/articles/PMC12381686/,B. cenocepacia,AU19236,CF sputum,chlorhexidine,MIC,baseline,100,ug/mL,True,au19236
kim_2015_bcc_chx_bzk,"Kim/Wang et al. 2015, J Ind Microbiol Biotechnol",10.1007/s10295-015-1605-x,https://pmc.ncbi.nlm.nih.gov/articles/PMC12381686/,B. cenocepacia,AU19236,CF sputum,chlorhexidine,MIC,day_40,50,ug/mL,True,au19236
kim_2015_bcc_chx_bzk,"Kim/Wang et al. 2015, J Ind Microbiol Biotechnol",10.1007/s10295-015-1605-x,https://pmc.ncbi.nlm.nih.gov/articles/PMC12381686/,B. cenocepacia,AU19236,CF sputum,benzalkonium chloride,MIC,baseline,200,ug/mL,True,au19236
kim_2015_bcc_chx_bzk,"Kim/Wang et al. 2015, J Ind Microbiol Biotechnol",10.1007/s10295-015-1605-x,https://pmc.ncbi.nlm.nih.gov/articles/PMC12381686/,B. cenocepacia,AU19236,CF sputum,benzalkonium chloride,MIC,day_40,100,ug/mL,True,au19236
kim_2015_bcc_chx_bzk,"Kim/Wang et al. 2015, J Ind Microbiol Biotechnol",10.1007/s10295-015-1605-x,https://pmc.ncbi.nlm.nih.gov/articles/PMC12381686/,B. cenocepacia,HI2976,"Environment, sink",chlorhexidine,MIC,baseline,100,ug/mL,True,hi2976
kim_2015_bcc_chx_bzk,"Kim/Wang et al. 2015, J Ind Microbiol Biotechnol",10.1007/s10295-015-1605-x,https://pmc.ncbi.nlm.nih.gov/articles/PMC12381686/,B. cenocepacia,HI2976,"Environment, sink",chlorhexidine,MIC,day_40,50,ug/mL,True,hi2976
kim_2015_bcc_chx_bzk,"Kim/Wang et al. 2015, J Ind Microbiol Biotechnol",10.1007/s10295-015-1605-x,https://pmc.ncbi.nlm.nih.gov/articles/PMC12381686/,B. cenocepacia,HI2976,"Environment, sink",benzalkonium chloride,MIC,baseline,200,ug/mL,True,hi2976
kim_2015_bcc_chx_bzk,"Kim/Wang et al. 2015, J Ind Microbiol Biotechnol",10.1007/s10295-015-1605-x,https://pmc.ncbi.nlm.nih.gov/articles/PMC12381686/,B. cenocepacia,HI2976,"Environment, sink",benzalkonium chloride,MIC,day_40,100,ug/mL,True,hi2976
kim_2015_bcc_chx_bzk,"Kim/Wang et al. 2015, J Ind Microbiol Biotechnol",10.1007/s10295-015-1605-x,https://pmc.ncbi.nlm.nih.gov/articles/PMC12381686/,B. cenocepacia,HI2485,CDC sample,chlorhexidine,MIC,baseline,100,ug/mL,True,hi2485
kim_2015_bcc_chx_bzk,"Kim/Wang et al. 2015, J Ind Microbiol Biotechnol",10.1007/s10295-015-1605-x,https://pmc.ncbi.nlm.nih.gov/articles/PMC12381686/,B. cenocepacia,HI2485,CDC sample,chlorhexidine,MIC,day_40,50,ug/mL,True,hi2485
kim_2015_bcc_chx_bzk,"Kim/Wang et al. 2015, J Ind Microbiol Biotechnol",10.1007/s10295-015-1605-x,https://pmc.ncbi.nlm.nih.gov/articles/PMC12381686/,B. cenocepacia,HI2485,CDC sample,benzalkonium chloride,MIC,baseline,200,ug/mL,True,hi2485
kim_2015_bcc_chx_bzk,"Kim/Wang et al. 2015, J Ind Microbiol Biotechnol",10.1007/s10295-015-1605-x,https://pmc.ncbi.nlm.nih.gov/articles/PMC12381686/,B. cenocepacia,HI2485,CDC sample,benzalkonium chloride,MIC,day_40,100,ug/mL,True,hi2485
kim_2015_bcc_chx_bzk,"Kim/Wang et al. 2015, J Ind Microbiol Biotechnol",10.1007/s10295-015-1605-x,https://pmc.ncbi.nlm.nih.gov/articles/PMC12381686/,B. cenocepacia,HI4352,Unknown,chlorhexidine,MIC,baseline,100,ug/mL,True,hi4352
kim_2015_bcc_chx_bzk,"Kim/Wang et al. 2015, J Ind Microbiol Biotechnol",10.1007/s10295-015-1605-x,https://pmc.ncbi.nlm.nih.gov/articles/PMC12381686/,B. cenocepacia,HI4352,Unknown,chlorhexidine,MIC,day_40,50,ug/mL,True,hi4352
kim_2015_bcc_chx_bzk,"Kim/Wang et al. 2015, J Ind Microbiol Biotechnol",10.1007/s10295-015-1605-x,https://pmc.ncbi.nlm.nih.gov/articles/PMC12381686/,B. cenocepacia,HI4352,Unknown,benzalkonium chloride,MIC,baseline,50,ug/mL,True,hi4352
kim_2015_bcc_chx_bzk,"Kim/Wang et al. 2015, J Ind Microbiol Biotechnol",10.1007/s10295-015-1605-x,https://pmc.ncbi.nlm.nih.gov/articles/PMC12381686/,B. cenocepacia,HI4352,Unknown,benzalkonium chloride,MIC,day_40,50,ug/mL,True,hi4352
