study_key,citation_short,doi,source_url,species_reported,strain_id,isolation_source,compound,endpoint,timepoint,value,units,row_level_phenotype,strain_norm,query_strain,query_norm,uid,assembly_accession,genbank_accession,refseq_accession,organism,biosample_accession,assembly_strain,assembly_status,coverage,ftp_path_refseq,ftp_path_genbank,exact_norm_match,contains_norm_match
moore_2009_bcc_biocide_susceptibility,"Moore et al. 2009, Journal of Antimicrobial Chemotherapy",10.1093/jac/dkn540,https://pmc.ncbi.nlm.nih.gov/articles/PMC2640157/,B. cepacia,ATCC 17759,,chlorhexidine,MIC,baseline,20–30,mg/L,True,atcc17759,ATCC 17759,atcc17759,1550251,GCF_002906895.1,GCA_002906895.1,GCF_002906895.1,Burkholderia cepacia (b-proteobacteria),SAMN07827779,ATCC 17759,Scaffold,60,ftp://ftp.ncbi.nlm.nih.gov/genomes/all/GCF/002/906/895/GCF_002906895.1_ASM290689v1,ftp://ftp.ncbi.nlm.nih.gov/genomes/all/GCA/002/906/895/GCA_002906895.1_ASM290689v1,True,True
moore_2009_bcc_biocide_susceptibility,"Moore et al. 2009, Journal of Antimicrobial Chemotherapy",10.1093/jac/dkn540,https://pmc.ncbi.nlm.nih.gov/articles/PMC2640157/,B. cepacia,ATCC 17759,,chlorhexidine,MBC,baseline,100,mg/L,True,atcc17759,ATCC 17759,atcc17759,1550251,GCF_002906895.1,GCA_002906895.1,GCF_002906895.1,Burkholderia cepacia (b-proteobacteria),SAMN07827779,ATCC 17759,Scaffold,60,ftp://ftp.ncbi.nlm.nih.gov/genomes/all/GCF/002/906/895/GCF_002906895.1_ASM290689v1,ftp://ftp.ncbi.nlm.nih.gov/genomes/all/GCA/002/906/895/GCA_002906895.1_ASM290689v1,True,True
moore_2009_bcc_biocide_susceptibility,"Moore et al. 2009, Journal of Antimicrobial Chemotherapy",10.1093/jac/dkn540,https://pmc.ncbi.nlm.nih.gov/articles/PMC2640157/,B. cepacia,ATCC 17759,,cetylpyridinium chloride,MIC,baseline,>200,mg/L,True,atcc17759,ATCC 17759,atcc17759,1550251,GCF_002906895.1,GCA_002906895.1,GCF_002906895.1,Burkholderia cepacia (b-proteobacteria),SAMN07827779,ATCC 17759,Scaffold,60,ftp://ftp.ncbi.nlm.nih.gov/genomes/all/GCF/002/906/895/GCF_002906895.1_ASM290689v1,ftp://ftp.ncbi.nlm.nih.gov/genomes/all/GCA/002/906/895/GCA_002906895.1_ASM290689v1,True,True
moore_2009_bcc_biocide_susceptibility,"Moore et al. 2009, Journal of Antimicrobial Chemotherapy",10.1093/jac/dkn540,https://pmc.ncbi.nlm.nih.gov/articles/PMC2640157/,B. cepacia,ATCC 17759,,cetylpyridinium chloride,MBC,baseline,3000,mg/L,True,atcc17759,ATCC 17759,atcc17759,1550251,GCF_002906895.1,GCA_002906895.1,GCF_002906895.1,Burkholderia cepacia (b-proteobacteria),SAMN07827779,ATCC 17759,Scaffold,60,ftp://ftp.ncbi.nlm.nih.gov/genomes/all/GCF/002/906/895/GCF_002906895.1_ASM290689v1,ftp://ftp.ncbi.nlm.nih.gov/genomes/all/GCA/002/906/895/GCA_002906895.1_ASM290689v1,True,True
moore_2009_bcc_biocide_susceptibility,"Moore et al. 2009, Journal of Antimicrobial Chemotherapy",10.1093/jac/dkn540,https://pmc.ncbi.nlm.nih.gov/articles/PMC2640157/,B. cepacia,ATCC 17759,,triclosan,MIC,baseline,>500,mg/L,True,atcc17759,ATCC 17759,atcc17759,1550251,GCF_002906895.1,GCA_002906895.1,GCF_002906895.1,Burkholderia cepacia (b-proteobacteria),SAMN07827779,ATCC 17759,Scaffold,60,ftp://ftp.ncbi.nlm.nih.gov/genomes/all/GCF/002/906/895/GCF_002906895.1_ASM290689v1,ftp://ftp.ncbi.nlm.nih.gov/genomes/all/GCA/002/906/895/GCA_002906895.1_ASM290689v1,True,True
moore_2009_bcc_biocide_susceptibility,"Moore et al. 2009, Journal of Antimicrobial Chemotherapy",10.1093/jac/dkn540,https://pmc.ncbi.nlm.nih.gov/articles/PMC2640157/,B. cepacia,ATCC 17759,,benzalkonium chloride,MIC,baseline,100,mg/L,True,atcc17759,ATCC 17759,atcc17759,1550251,GCF_002906895.1,GCA_002906895.1,GCF_002906895.1,Burkholderia cepacia (b-proteobacteria),SAMN07827779,ATCC 17759,Scaffold,60,ftp://ftp.ncbi.nlm.nih.gov/genomes/all/GCF/002/906/895/GCF_002906895.1_ASM290689v1,ftp://ftp.ncbi.nlm.nih.gov/genomes/all/GCA/002/906/895/GCA_002906895.1_ASM290689v1,True,True
moore_2009_bcc_biocide_susceptibility,"Moore et al. 2009, Journal of Antimicrobial Chemotherapy",10.1093/jac/dkn540,https://pmc.ncbi.nlm.nih.gov/articles/PMC2640157/,B. multivorans,ATCC 17616,,chlorhexidine,MIC,baseline,10–20,mg/L,True,atcc17616,ATCC 17616,atcc17616,39588,GCF_000018505.1,GCA_000018505.1,GCF_000018505.1,Burkholderia multivorans ATCC 17616 (b-proteobacteria),SAMN00623032,ATCC 17616,Complete Genome,,ftp://ftp.ncbi.nlm.nih.gov/genomes/all/GCF/000/018/505/GCF_000018505.1_ASM1850v1,ftp://ftp.ncbi.nlm.nih.gov/genomes/all/GCA/000/018/505/GCA_000018505.1_ASM1850v1,True,True
moore_2009_bcc_biocide_susceptibility,"Moore et al. 2009, Journal of Antimicrobial Chemotherapy",10.1093/jac/dkn540,https://pmc.ncbi.nlm.nih.gov/articles/PMC2640157/,B. multivorans,ATCC 17616,,chlorhexidine,MBC,baseline,300,mg/L,True,atcc17616,ATCC 17616,atcc17616,39588,GCF_000018505.1,GCA_000018505.1,GCF_000018505.1,Burkholderia multivorans ATCC 17616 (b-proteobacteria),SAMN00623032,ATCC 17616,Complete Genome,,ftp://ftp.ncbi.nlm.nih.gov/genomes/all/GCF/000/018/505/GCF_000018505.1_ASM1850v1,ftp://ftp.ncbi.nlm.nih.gov/genomes/all/GCA/000/018/505/GCA_000018505.1_ASM1850v1,True,True
moore_2009_bcc_biocide_susceptibility,"Moore et al. 2009, Journal of Antimicrobial Chemotherapy",10.1093/jac/dkn540,https://pmc.ncbi.nlm.nih.gov/articles/PMC2640157/,B. multivorans,ATCC 17616,,cetylpyridinium chloride,MIC,baseline,50–150,mg/L,True,atcc17616,ATCC 17616,atcc17616,39588,GCF_000018505.1,GCA_000018505.1,GCF_000018505.1,Burkholderia multivorans ATCC 17616 (b-proteobacteria),SAMN00623032,ATCC 17616,Complete Genome,,ftp://ftp.ncbi.nlm.nih.gov/genomes/all/GCF/000/018/505/GCF_000018505.1_ASM1850v1,ftp://ftp.ncbi.nlm.nih.gov/genomes/all/GCA/000/018/505/GCA_000018505.1_ASM1850v1,True,True
moore_2009_bcc_biocide_susceptibility,"Moore et al. 2009, Journal of Antimicrobial Chemotherapy",10.1093/jac/dkn540,https://pmc.ncbi.nlm.nih.gov/articles/PMC2640157/,B. multivorans,ATCC 17616,,cetylpyridinium chloride,MBC,baseline,1000,mg/L,True,atcc17616,ATCC 17616,atcc17616,39588,GCF_000018505.1,GCA_000018505.1,GCF_000018505.1,Burkholderia multivorans ATCC 17616 (b-proteobacteria),SAMN00623032,ATCC 17616,Complete Genome,,ftp://ftp.ncbi.nlm.nih.gov/genomes/all/GCF/000/018/505/GCF_000018505.1_ASM1850v1,ftp://ftp.ncbi.nlm.nih.gov/genomes/all/GCA/000/018/505/GCA_000018505.1_ASM1850v1,True,True
moore_2009_bcc_biocide_susceptibility,"Moore et al. 2009, Journal of Antimicrobial Chemotherapy",10.1093/jac/dkn540,https://pmc.ncbi.nlm.nih.gov/articles/PMC2640157/,B. multivorans,ATCC 17616,,triclosan,MIC,baseline,50,mg/L,True,atcc17616,ATCC 17616,atcc17616,39588,GCF_000018505.1,GCA_000018505.1,GCF_000018505.1,Burkholderia multivorans ATCC 17616 (b-proteobacteria),SAMN00623032,ATCC 17616,Complete Genome,,ftp://ftp.ncbi.nlm.nih.gov/genomes/all/GCF/000/018/505/GCF_000018505.1_ASM1850v1,ftp://ftp.ncbi.nlm.nih.gov/genomes/all/GCA/000/018/505/GCA_000018505.1_ASM1850v1,True,True
moore_2009_bcc_biocide_susceptibility,"Moore et al. 2009, Journal of Antimicrobial Chemotherapy",10.1093/jac/dkn540,https://pmc.ncbi.nlm.nih.gov/articles/PMC2640157/,B. multivorans,ATCC 17616,,benzalkonium chloride,MIC,baseline,150,mg/L,True,atcc17616,ATCC 17616,atcc17616,39588,GCF_000018505.1,GCA_000018505.1,GCF_000018505.1,Burkholderia multivorans ATCC 17616 (b-proteobacteria),SAMN00623032,ATCC 17616,Complete Genome,,ftp://ftp.ncbi.nlm.nih.gov/genomes/all/GCF/000/018/505/GCF_000018505.1_ASM1850v1,ftp://ftp.ncbi.nlm.nih.gov/genomes/all/GCA/000/018/505/GCA_000018505.1_ASM1850v1,True,True
moore_2009_bcc_biocide_susceptibility,"Moore et al. 2009, Journal of Antimicrobial Chemotherapy",10.1093/jac/dkn540,https://pmc.ncbi.nlm.nih.gov/articles/PMC2640157/,B. vietnamiensis,G4,,chlorhexidine,MIC,baseline,10–20,mg/L,True,g4,G4,g4,37308,GCF_000016205.1,GCA_000016205.1,GCF_000016205.1,Burkholderia vietnamiensis G4 (b-proteobacteria),SAMN02598263,G4,Complete Genome,,ftp://ftp.ncbi.nlm.nih.gov/genomes/all/GCF/000/016/205/GCF_000016205.1_ASM1620v1,ftp://ftp.ncbi.nlm.nih.gov/genomes/all/GCA/000/016/205/GCA_000016205.1_ASM1620v1,True,True
moore_2009_bcc_biocide_susceptibility,"Moore et al. 2009, Journal of Antimicrobial Chemotherapy",10.1093/jac/dkn540,https://pmc.ncbi.nlm.nih.gov/articles/PMC2640157/,B. vietnamiensis,G4,,chlorhexidine,MBC,baseline,300,mg/L,True,g4,G4,g4,37308,GCF_000016205.1,GCA_000016205.1,GCF_000016205.1,Burkholderia vietnamiensis G4 (b-proteobacteria),SAMN02598263,G4,Complete Genome,,ftp://ftp.ncbi.nlm.nih.gov/genomes/all/GCF/000/016/205/GCF_000016205.1_ASM1620v1,ftp://ftp.ncbi.nlm.nih.gov/genomes/all/GCA/000/016/205/GCA_000016205.1_ASM1620v1,True,True
moore_2009_bcc_biocide_susceptibility,"Moore et al. 2009, Journal of Antimicrobial Chemotherapy",10.1093/jac/dkn540,https://pmc.ncbi.nlm.nih.gov/articles/PMC2640157/,B. vietnamiensis,G4,,cetylpyridinium chloride,MIC,baseline,30–50,mg/L,True,g4,G4,g4,37308,GCF_000016205.1,GCA_000016205.1,GCF_000016205.1,Burkholderia vietnamiensis G4 (b-proteobacteria),SAMN02598263,G4,Complete Genome,,ftp://ftp.ncbi.nlm.nih.gov/genomes/all/GCF/000/016/205/GCF_000016205.1_ASM1620v1,ftp://ftp.ncbi.nlm.nih.gov/genomes/all/GCA/000/016/205/GCA_000016205.1_ASM1620v1,True,True
moore_2009_bcc_biocide_susceptibility,"Moore et al. 2009, Journal of Antimicrobial Chemotherapy",10.1093/jac/dkn540,https://pmc.ncbi.nlm.nih.gov/articles/PMC2640157/,B. vietnamiensis,G4,,cetylpyridinium chloride,MBC,baseline,500,mg/L,True,g4,G4,g4,37308,GCF_000016205.1,GCA_000016205.1,GCF_000016205.1,Burkholderia vietnamiensis G4 (b-proteobacteria),SAMN02598263,G4,Complete Genome,,ftp://ftp.ncbi.nlm.nih.gov/genomes/all/GCF/000/016/205/GCF_000016205.1_ASM1620v1,ftp://ftp.ncbi.nlm.nih.gov/genomes/all/GCA/000/016/205/GCA_000016205.1_ASM1620v1,True,True
moore_2009_bcc_biocide_susceptibility,"Moore et al. 2009, Journal of Antimicrobial Chemotherapy",10.1093/jac/dkn540,https://pmc.ncbi.nlm.nih.gov/articles/PMC2640157/,B. vietnamiensis,G4,,triclosan,MIC,baseline,50,mg/L,True,g4,G4,g4,37308,GCF_000016205.1,GCA_000016205.1,GCF_000016205.1,Burkholderia vietnamiensis G4 (b-proteobacteria),SAMN02598263,G4,Complete Genome,,ftp://ftp.ncbi.nlm.nih.gov/genomes/all/GCF/000/016/205/GCF_000016205.1_ASM1620v1,ftp://ftp.ncbi.nlm.nih.gov/genomes/all/GCA/000/016/205/GCA_000016205.1_ASM1620v1,True,True
moore_2009_bcc_biocide_susceptibility,"Moore et al. 2009, Journal of Antimicrobial Chemotherapy",10.1093/jac/dkn540,https://pmc.ncbi.nlm.nih.gov/articles/PMC2640157/,B. vietnamiensis,G4,,benzalkonium chloride,MIC,baseline,50,mg/L,True,g4,G4,g4,37308,GCF_000016205.1,GCA_000016205.1,GCF_000016205.1,Burkholderia vietnamiensis G4 (b-proteobacteria),SAMN02598263,G4,Complete Genome,,ftp://ftp.ncbi.nlm.nih.gov/genomes/all/GCF/000/016/205/GCF_000016205.1_ASM1620v1,ftp://ftp.ncbi.nlm.nih.gov/genomes/all/GCA/000/016/205/GCA_000016205.1_ASM1620v1,True,True
moore_2009_bcc_biocide_susceptibility,"Moore et al. 2009, Journal of Antimicrobial Chemotherapy",10.1093/jac/dkn540,https://pmc.ncbi.nlm.nih.gov/articles/PMC2640157/,B. vietnamiensis,LMG 10929,,chlorhexidine,MIC,baseline,100,mg/L,True,lmg10929,LMG 10929,lmg10929,7271941,GCF_902830295.1,GCA_902830295.1,GCF_902830295.1,Burkholderia vietnamiensis (b-proteobacteria),SAMEA6503572,LMG 10929,Scaffold,75,ftp://ftp.ncbi.nlm.nih.gov/genomes/all/GCF/902/830/295/GCF_902830295.1_ASM90283029v1,ftp://ftp.ncbi.nlm.nih.gov/genomes/all/GCA/902/830/295/GCA_902830295.1_ASM90283029v1,True,True
moore_2009_bcc_biocide_susceptibility,"Moore et al. 2009, Journal of Antimicrobial Chemotherapy",10.1093/jac/dkn540,https://pmc.ncbi.nlm.nih.gov/articles/PMC2640157/,B. vietnamiensis,LMG 10929,,chlorhexidine,MBC,baseline,100,mg/L,True,lmg10929,LMG 10929,lmg10929,7271941,GCF_902830295.1,GCA_902830295.1,GCF_902830295.1,Burkholderia vietnamiensis (b-proteobacteria),SAMEA6503572,LMG 10929,Scaffold,75,ftp://ftp.ncbi.nlm.nih.gov/genomes/all/GCF/902/830/295/GCF_902830295.1_ASM90283029v1,ftp://ftp.ncbi.nlm.nih.gov/genomes/all/GCA/902/830/295/GCA_902830295.1_ASM90283029v1,True,True
moore_2009_bcc_biocide_susceptibility,"Moore et al. 2009, Journal of Antimicrobial Chemotherapy",10.1093/jac/dkn540,https://pmc.ncbi.nlm.nih.gov/articles/PMC2640157/,B. vietnamiensis,LMG 10929,,cetylpyridinium chloride,MIC,baseline,30–50,mg/L,True,lmg10929,LMG 10929,lmg10929,7271941,GCF_902830295.1,GCA_902830295.1,GCF_902830295.1,Burkholderia vietnamiensis (b-proteobacteria),SAMEA6503572,LMG 10929,Scaffold,75,ftp://ftp.ncbi.nlm.nih.gov/genomes/all/GCF/902/830/295/GCF_902830295.1_ASM90283029v1,ftp://ftp.ncbi.nlm.nih.gov/genomes/all/GCA/902/830/295/GCA_902830295.1_ASM90283029v1,True,True
moore_2009_bcc_biocide_susceptibility,"Moore et al. 2009, Journal of Antimicrobial Chemotherapy",10.1093/jac/dkn540,https://pmc.ncbi.nlm.nih.gov/articles/PMC2640157/,B. vietnamiensis,LMG 10929,,cetylpyridinium chloride,MBC,baseline,300,mg/L,True,lmg10929,LMG 10929,lmg10929,7271941,GCF_902830295.1,GCA_902830295.1,GCF_902830295.1,Burkholderia vietnamiensis (b-proteobacteria),SAMEA6503572,LMG 10929,Scaffold,75,ftp://ftp.ncbi.nlm.nih.gov/genomes/all/GCF/902/830/295/GCF_902830295.1_ASM90283029v1,ftp://ftp.ncbi.nlm.nih.gov/genomes/all/GCA/902/830/295/GCA_902830295.1_ASM90283029v1,True,True
moore_2009_bcc_biocide_susceptibility,"Moore et al. 2009, Journal of Antimicrobial Chemotherapy",10.1093/jac/dkn540,https://pmc.ncbi.nlm.nih.gov/articles/PMC2640157/,B. vietnamiensis,LMG 10929,,triclosan,MIC,baseline,100,mg/L,True,lmg10929,LMG 10929,lmg10929,7271941,GCF_902830295.1,GCA_902830295.1,GCF_902830295.1,Burkholderia vietnamiensis (b-proteobacteria),SAMEA6503572,LMG 10929,Scaffold,75,ftp://ftp.ncbi.nlm.nih.gov/genomes/all/GCF/902/830/295/GCF_902830295.1_ASM90283029v1,ftp://ftp.ncbi.nlm.nih.gov/genomes/all/GCA/902/830/295/GCA_902830295.1_ASM90283029v1,True,True
moore_2009_bcc_biocide_susceptibility,"Moore et al. 2009, Journal of Antimicrobial Chemotherapy",10.1093/jac/dkn540,https://pmc.ncbi.nlm.nih.gov/articles/PMC2640157/,B. vietnamiensis,LMG 10929,,benzalkonium chloride,MIC,baseline,50,mg/L,True,lmg10929,LMG 10929,lmg10929,7271941,GCF_902830295.1,GCA_902830295.1,GCF_902830295.1,Burkholderia vietnamiensis (b-proteobacteria),SAMEA6503572,LMG 10929,Scaffold,75,ftp://ftp.ncbi.nlm.nih.gov/genomes/all/GCF/902/830/295/GCF_902830295.1_ASM90283029v1,ftp://ftp.ncbi.nlm.nih.gov/genomes/all/GCA/902/830/295/GCA_902830295.1_ASM90283029v1,True,True
moore_2009_bcc_biocide_susceptibility,"Moore et al. 2009, Journal of Antimicrobial Chemotherapy",10.1093/jac/dkn540,https://pmc.ncbi.nlm.nih.gov/articles/PMC2640157/,B. dolosa,LMG 18943,,chlorhexidine,MIC,baseline,20–30,mg/L,True,lmg18943,LMG 18943,lmg18943,7050871,GCF_902499135.1,GCA_902499135.1,GCF_902499135.1,Burkholderia dolosa (b-proteobacteria),SAMEA5795690,LMG 18943,Contig,145,ftp://ftp.ncbi.nlm.nih.gov/genomes/all/GCF/902/499/135/GCF_902499135.1_ASM90249913v1,ftp://ftp.ncbi.nlm.nih.gov/genomes/all/GCA/902/499/135/GCA_902499135.1_ASM90249913v1,True,True
moore_2009_bcc_biocide_susceptibility,"Moore et al. 2009, Journal of Antimicrobial Chemotherapy",10.1093/jac/dkn540,https://pmc.ncbi.nlm.nih.gov/articles/PMC2640157/,B. dolosa,LMG 18943,,chlorhexidine,MBC,baseline,300,mg/L,True,lmg18943,LMG 18943,lmg18943,7050871,GCF_902499135.1,GCA_902499135.1,GCF_902499135.1,Burkholderia dolosa (b-proteobacteria),SAMEA5795690,LMG 18943,Contig,145,ftp://ftp.ncbi.nlm.nih.gov/genomes/all/GCF/902/499/135/GCF_902499135.1_ASM90249913v1,ftp://ftp.ncbi.nlm.nih.gov/genomes/all/GCA/902/499/135/GCA_902499135.1_ASM90249913v1,True,True
moore_2009_bcc_biocide_susceptibility,"Moore et al. 2009, Journal of Antimicrobial Chemotherapy",10.1093/jac/dkn540,https://pmc.ncbi.nlm.nih.gov/articles/PMC2640157/,B. dolosa,LMG 18943,,cetylpyridinium chloride,MIC,baseline,50–70,mg/L,True,lmg18943,LMG 18943,lmg18943,7050871,GCF_902499135.1,GCA_902499135.1,GCF_902499135.1,Burkholderia dolosa (b-proteobacteria),SAMEA5795690,LMG 18943,Contig,145,ftp://ftp.ncbi.nlm.nih.gov/genomes/all/GCF/902/499/135/GCF_902499135.1_ASM90249913v1,ftp://ftp.ncbi.nlm.nih.gov/genomes/all/GCA/902/499/135/GCA_902499135.1_ASM90249913v1,True,True
moore_2009_bcc_biocide_susceptibility,"Moore et al. 2009, Journal of Antimicrobial Chemotherapy",10.1093/jac/dkn540,https://pmc.ncbi.nlm.nih.gov/articles/PMC2640157/,B. dolosa,LMG 18943,,cetylpyridinium chloride,MBC,baseline,2000,mg/L,True,lmg18943,LMG 18943,lmg18943,7050871,GCF_902499135.1,GCA_902499135.1,GCF_902499135.1,Burkholderia dolosa (b-proteobacteria),SAMEA5795690,LMG 18943,Contig,145,ftp://ftp.ncbi.nlm.nih.gov/genomes/all/GCF/902/499/135/GCF_902499135.1_ASM90249913v1,ftp://ftp.ncbi.nlm.nih.gov/genomes/all/GCA/902/499/135/GCA_902499135.1_ASM90249913v1,True,True
moore_2009_bcc_biocide_susceptibility,"Moore et al. 2009, Journal of Antimicrobial Chemotherapy",10.1093/jac/dkn540,https://pmc.ncbi.nlm.nih.gov/articles/PMC2640157/,B. dolosa,LMG 18943,,triclosan,MIC,baseline,450–500,mg/L,True,lmg18943,LMG 18943,lmg18943,7050871,GCF_902499135.1,GCA_902499135.1,GCF_902499135.1,Burkholderia dolosa (b-proteobacteria),SAMEA5795690,LMG 18943,Contig,145,ftp://ftp.ncbi.nlm.nih.gov/genomes/all/GCF/902/499/135/GCF_902499135.1_ASM90249913v1,ftp://ftp.ncbi.nlm.nih.gov/genomes/all/GCA/902/499/135/GCA_902499135.1_ASM90249913v1,True,True
moore_2009_bcc_biocide_susceptibility,"Moore et al. 2009, Journal of Antimicrobial Chemotherapy",10.1093/jac/dkn540,https://pmc.ncbi.nlm.nih.gov/articles/PMC2640157/,B. dolosa,LMG 18943,,benzalkonium chloride,MIC,baseline,200,mg/L,True,lmg18943,LMG 18943,lmg18943,7050871,GCF_902499135.1,GCA_902499135.1,GCF_902499135.1,Burkholderia dolosa (b-proteobacteria),SAMEA5795690,LMG 18943,Contig,145,ftp://ftp.ncbi.nlm.nih.gov/genomes/all/GCF/902/499/135/GCF_902499135.1_ASM90249913v1,ftp://ftp.ncbi.nlm.nih.gov/genomes/all/GCA/902/499/135/GCA_902499135.1_ASM90249913v1,True,True
moore_2009_bcc_biocide_susceptibility,"Moore et al. 2009, Journal of Antimicrobial Chemotherapy",10.1093/jac/dkn540,https://pmc.ncbi.nlm.nih.gov/articles/PMC2640157/,B. ambifaria,MC40-6,,chlorhexidine,MIC,baseline,20–30,mg/L,True,mc406,MC40-6,mc406,40968,GCF_000019925.1,GCA_000019925.1,GCF_000019925.1,Burkholderia ambifaria MC40-6 (b-proteobacteria),SAMN02598385,MC40-6,Complete Genome,,ftp://ftp.ncbi.nlm.nih.gov/genomes/all/GCF/000/019/925/GCF_000019925.1_ASM1992v1,ftp://ftp.ncbi.nlm.nih.gov/genomes/all/GCA/000/019/925/GCA_000019925.1_ASM1992v1,True,True
moore_2009_bcc_biocide_susceptibility,"Moore et al. 2009, Journal of Antimicrobial Chemotherapy",10.1093/jac/dkn540,https://pmc.ncbi.nlm.nih.gov/articles/PMC2640157/,B. ambifaria,MC40-6,,chlorhexidine,MBC,baseline,50,mg/L,True,mc406,MC40-6,mc406,40968,GCF_000019925.1,GCA_000019925.1,GCF_000019925.1,Burkholderia ambifaria MC40-6 (b-proteobacteria),SAMN02598385,MC40-6,Complete Genome,,ftp://ftp.ncbi.nlm.nih.gov/genomes/all/GCF/000/019/925/GCF_000019925.1_ASM1992v1,ftp://ftp.ncbi.nlm.nih.gov/genomes/all/GCA/000/019/925/GCA_000019925.1_ASM1992v1,True,True
moore_2009_bcc_biocide_susceptibility,"Moore et al. 2009, Journal of Antimicrobial Chemotherapy",10.1093/jac/dkn540,https://pmc.ncbi.nlm.nih.gov/articles/PMC2640157/,B. ambifaria,MC40-6,,cetylpyridinium chloride,MIC,baseline,100–120,mg/L,True,mc406,MC40-6,mc406,40968,GCF_000019925.1,GCA_000019925.1,GCF_000019925.1,Burkholderia ambifaria MC40-6 (b-proteobacteria),SAMN02598385,MC40-6,Complete Genome,,ftp://ftp.ncbi.nlm.nih.gov/genomes/all/GCF/000/019/925/GCF_000019925.1_ASM1992v1,ftp://ftp.ncbi.nlm.nih.gov/genomes/all/GCA/000/019/925/GCA_000019925.1_ASM1992v1,True,True
moore_2009_bcc_biocide_susceptibility,"Moore et al. 2009, Journal of Antimicrobial Chemotherapy",10.1093/jac/dkn540,https://pmc.ncbi.nlm.nih.gov/articles/PMC2640157/,B. ambifaria,MC40-6,,cetylpyridinium chloride,MBC,baseline,2000,mg/L,True,mc406,MC40-6,mc406,40968,GCF_000019925.1,GCA_000019925.1,GCF_000019925.1,Burkholderia ambifaria MC40-6 (b-proteobacteria),SAMN02598385,MC40-6,Complete Genome,,ftp://ftp.ncbi.nlm.nih.gov/genomes/all/GCF/000/019/925/GCF_000019925.1_ASM1992v1,ftp://ftp.ncbi.nlm.nih.gov/genomes/all/GCA/000/019/925/GCA_000019925.1_ASM1992v1,True,True
moore_2009_bcc_biocide_susceptibility,"Moore et al. 2009, Journal of Antimicrobial Chemotherapy",10.1093/jac/dkn540,https://pmc.ncbi.nlm.nih.gov/articles/PMC2640157/,B. ambifaria,MC40-6,,triclosan,MIC,baseline,50,mg/L,True,mc406,MC40-6,mc406,40968,GCF_000019925.1,GCA_000019925.1,GCF_000019925.1,Burkholderia ambifaria MC40-6 (b-proteobacteria),SAMN02598385,MC40-6,Complete Genome,,ftp://ftp.ncbi.nlm.nih.gov/genomes/all/GCF/000/019/925/GCF_000019925.1_ASM1992v1,ftp://ftp.ncbi.nlm.nih.gov/genomes/all/GCA/000/019/925/GCA_000019925.1_ASM1992v1,True,True
moore_2009_bcc_biocide_susceptibility,"Moore et al. 2009, Journal of Antimicrobial Chemotherapy",10.1093/jac/dkn540,https://pmc.ncbi.nlm.nih.gov/articles/PMC2640157/,B. ambifaria,MC40-6,,benzalkonium chloride,MIC,baseline,50,mg/L,True,mc406,MC40-6,mc406,40968,GCF_000019925.1,GCA_000019925.1,GCF_000019925.1,Burkholderia ambifaria MC40-6 (b-proteobacteria),SAMN02598385,MC40-6,Complete Genome,,ftp://ftp.ncbi.nlm.nih.gov/genomes/all/GCF/000/019/925/GCF_000019925.1_ASM1992v1,ftp://ftp.ncbi.nlm.nih.gov/genomes/all/GCA/000/019/925/GCA_000019925.1_ASM1992v1,True,True
moore_2009_bcc_biocide_susceptibility,"Moore et al. 2009, Journal of Antimicrobial Chemotherapy",10.1093/jac/dkn540,https://pmc.ncbi.nlm.nih.gov/articles/PMC2640157/,B. anthina,LMG 20980,,chlorhexidine,MIC,baseline,10–20,mg/L,True,lmg20980,LMG 20980,lmg20980,7272021,GCF_902830395.1,GCA_902830395.1,GCF_902830395.1,Burkholderia anthina (b-proteobacteria),SAMEA6503247,LMG 20980,Contig,71,ftp://ftp.ncbi.nlm.nih.gov/genomes/all/GCF/902/830/395/GCF_902830395.1_ASM90283039v1,ftp://ftp.ncbi.nlm.nih.gov/genomes/all/GCA/902/830/395/GCA_902830395.1_ASM90283039v1,True,True
moore_2009_bcc_biocide_susceptibility,"Moore et al. 2009, Journal of Antimicrobial Chemotherapy",10.1093/jac/dkn540,https://pmc.ncbi.nlm.nih.gov/articles/PMC2640157/,B. anthina,LMG 20980,,chlorhexidine,MBC,baseline,50,mg/L,True,lmg20980,LMG 20980,lmg20980,7272021,GCF_902830395.1,GCA_902830395.1,GCF_902830395.1,Burkholderia anthina (b-proteobacteria),SAMEA6503247,LMG 20980,Contig,71,ftp://ftp.ncbi.nlm.nih.gov/genomes/all/GCF/902/830/395/GCF_902830395.1_ASM90283039v1,ftp://ftp.ncbi.nlm.nih.gov/genomes/all/GCA/902/830/395/GCA_902830395.1_ASM90283039v1,True,True
moore_2009_bcc_biocide_susceptibility,"Moore et al. 2009, Journal of Antimicrobial Chemotherapy",10.1093/jac/dkn540,https://pmc.ncbi.nlm.nih.gov/articles/PMC2640157/,B. anthina,LMG 20980,,cetylpyridinium chloride,MIC,baseline,120–150,mg/L,True,lmg20980,LMG 20980,lmg20980,7272021,GCF_902830395.1,GCA_902830395.1,GCF_902830395.1,Burkholderia anthina (b-proteobacteria),SAMEA6503247,LMG 20980,Contig,71,ftp://ftp.ncbi.nlm.nih.gov/genomes/all/GCF/902/830/395/GCF_902830395.1_ASM90283039v1,ftp://ftp.ncbi.nlm.nih.gov/genomes/all/GCA/902/830/395/GCA_902830395.1_ASM90283039v1,True,True
moore_2009_bcc_biocide_susceptibility,"Moore et al. 2009, Journal of Antimicrobial Chemotherapy",10.1093/jac/dkn540,https://pmc.ncbi.nlm.nih.gov/articles/PMC2640157/,B. anthina,LMG 20980,,cetylpyridinium chloride,MBC,baseline,2000,mg/L,True,lmg20980,LMG 20980,lmg20980,7272021,GCF_902830395.1,GCA_902830395.1,GCF_902830395.1,Burkholderia anthina (b-proteobacteria),SAMEA6503247,LMG 20980,Contig,71,ftp://ftp.ncbi.nlm.nih.gov/genomes/all/GCF/902/830/395/GCF_902830395.1_ASM90283039v1,ftp://ftp.ncbi.nlm.nih.gov/genomes/all/GCA/902/830/395/GCA_902830395.1_ASM90283039v1,True,True
moore_2009_bcc_biocide_susceptibility,"Moore et al. 2009, Journal of Antimicrobial Chemotherapy",10.1093/jac/dkn540,https://pmc.ncbi.nlm.nih.gov/articles/PMC2640157/,B. anthina,LMG 20980,,triclosan,MIC,baseline,150,mg/L,True,lmg20980,LMG 20980,lmg20980,7272021,GCF_902830395.1,GCA_902830395.1,GCF_902830395.1,Burkholderia anthina (b-proteobacteria),SAMEA6503247,LMG 20980,Contig,71,ftp://ftp.ncbi.nlm.nih.gov/genomes/all/GCF/902/830/395/GCF_902830395.1_ASM90283039v1,ftp://ftp.ncbi.nlm.nih.gov/genomes/all/GCA/902/830/395/GCA_902830395.1_ASM90283039v1,True,True
moore_2009_bcc_biocide_susceptibility,"Moore et al. 2009, Journal of Antimicrobial Chemotherapy",10.1093/jac/dkn540,https://pmc.ncbi.nlm.nih.gov/articles/PMC2640157/,B. anthina,LMG 20980,,benzalkonium chloride,MIC,baseline,50–100,mg/L,True,lmg20980,LMG 20980,lmg20980,7272021,GCF_902830395.1,GCA_902830395.1,GCF_902830395.1,Burkholderia anthina (b-proteobacteria),SAMEA6503247,LMG 20980,Contig,71,ftp://ftp.ncbi.nlm.nih.gov/genomes/all/GCF/902/830/395/GCF_902830395.1_ASM90283039v1,ftp://ftp.ncbi.nlm.nih.gov/genomes/all/GCA/902/830/395/GCA_902830395.1_ASM90283039v1,True,True
moore_2009_bcc_biocide_susceptibility,"Moore et al. 2009, Journal of Antimicrobial Chemotherapy",10.1093/jac/dkn540,https://pmc.ncbi.nlm.nih.gov/articles/PMC2640157/,B. pyrrocinia,LMG 14191,,chlorhexidine,MIC,baseline,10–20,mg/L,True,lmg14191,LMG 14191,lmg14191,7275711,GCF_902832895.1,GCA_902832895.1,GCF_902832895.1,Burkholderia pyrrocinia (b-proteobacteria),SAMEA6503555,LMG 14191,Scaffold,75,ftp://ftp.ncbi.nlm.nih.gov/genomes/all/GCF/902/832/895/GCF_902832895.1_ASM90283289v1,ftp://ftp.ncbi.nlm.nih.gov/genomes/all/GCA/902/832/895/GCA_902832895.1_ASM90283289v1,True,True
moore_2009_bcc_biocide_susceptibility,"Moore et al. 2009, Journal of Antimicrobial Chemotherapy",10.1093/jac/dkn540,https://pmc.ncbi.nlm.nih.gov/articles/PMC2640157/,B. pyrrocinia,LMG 14191,,chlorhexidine,MBC,baseline,50,mg/L,True,lmg14191,LMG 14191,lmg14191,7275711,GCF_902832895.1,GCA_902832895.1,GCF_902832895.1,Burkholderia pyrrocinia (b-proteobacteria),SAMEA6503555,LMG 14191,Scaffold,75,ftp://ftp.ncbi.nlm.nih.gov/genomes/all/GCF/902/832/895/GCF_902832895.1_ASM90283289v1,ftp://ftp.ncbi.nlm.nih.gov/genomes/all/GCA/902/832/895/GCA_902832895.1_ASM90283289v1,True,True
moore_2009_bcc_biocide_susceptibility,"Moore et al. 2009, Journal of Antimicrobial Chemotherapy",10.1093/jac/dkn540,https://pmc.ncbi.nlm.nih.gov/articles/PMC2640157/,B. pyrrocinia,LMG 14191,,cetylpyridinium chloride,MIC,baseline,50–70,mg/L,True,lmg14191,LMG 14191,lmg14191,7275711,GCF_902832895.1,GCA_902832895.1,GCF_902832895.1,Burkholderia pyrrocinia (b-proteobacteria),SAMEA6503555,LMG 14191,Scaffold,75,ftp://ftp.ncbi.nlm.nih.gov/genomes/all/GCF/902/832/895/GCF_902832895.1_ASM90283289v1,ftp://ftp.ncbi.nlm.nih.gov/genomes/all/GCA/902/832/895/GCA_902832895.1_ASM90283289v1,True,True
moore_2009_bcc_biocide_susceptibility,"Moore et al. 2009, Journal of Antimicrobial Chemotherapy",10.1093/jac/dkn540,https://pmc.ncbi.nlm.nih.gov/articles/PMC2640157/,B. pyrrocinia,LMG 14191,,cetylpyridinium chloride,MBC,baseline,2000,mg/L,True,lmg14191,LMG 14191,lmg14191,7275711,GCF_902832895.1,GCA_902832895.1,GCF_902832895.1,Burkholderia pyrrocinia (b-proteobacteria),SAMEA6503555,LMG 14191,Scaffold,75,ftp://ftp.ncbi.nlm.nih.gov/genomes/all/GCF/902/832/895/GCF_902832895.1_ASM90283289v1,ftp://ftp.ncbi.nlm.nih.gov/genomes/all/GCA/902/832/895/GCA_902832895.1_ASM90283289v1,True,True
moore_2009_bcc_biocide_susceptibility,"Moore et al. 2009, Journal of Antimicrobial Chemotherapy",10.1093/jac/dkn540,https://pmc.ncbi.nlm.nih.gov/articles/PMC2640157/,B. pyrrocinia,LMG 14191,,triclosan,MIC,baseline,50,mg/L,True,lmg14191,LMG 14191,lmg14191,7275711,GCF_902832895.1,GCA_902832895.1,GCF_902832895.1,Burkholderia pyrrocinia (b-proteobacteria),SAMEA6503555,LMG 14191,Scaffold,75,ftp://ftp.ncbi.nlm.nih.gov/genomes/all/GCF/902/832/895/GCF_902832895.1_ASM90283289v1,ftp://ftp.ncbi.nlm.nih.gov/genomes/all/GCA/902/832/895/GCA_902832895.1_ASM90283289v1,True,True
moore_2009_bcc_biocide_susceptibility,"Moore et al. 2009, Journal of Antimicrobial Chemotherapy",10.1093/jac/dkn540,https://pmc.ncbi.nlm.nih.gov/articles/PMC2640157/,B. pyrrocinia,LMG 14191,,benzalkonium chloride,MIC,baseline,50,mg/L,True,lmg14191,LMG 14191,lmg14191,7275711,GCF_902832895.1,GCA_902832895.1,GCF_902832895.1,Burkholderia pyrrocinia (b-proteobacteria),SAMEA6503555,LMG 14191,Scaffold,75,ftp://ftp.ncbi.nlm.nih.gov/genomes/all/GCF/902/832/895/GCF_902832895.1_ASM90283289v1,ftp://ftp.ncbi.nlm.nih.gov/genomes/all/GCA/902/832/895/GCA_902832895.1_ASM90283289v1,True,True
kim_2015_bcc_chx_bzk,"Kim/Wang et al. 2015, J Ind Microbiol Biotechnol",10.1007/s10295-015-1605-x,https://pmc.ncbi.nlm.nih.gov/articles/PMC12381686/,B. cenocepacia,AU1054,CF blood,chlorhexidine,MIC,baseline,100,ug/mL,True,au1054,AU1054,au1054,32290291,GCF_056110085.1,GCA_056110085.1,GCF_056110085.1,Burkholderia orbicola (b-proteobacteria),SAMN52398954,AU1054,Contig,12,ftp://ftp.ncbi.nlm.nih.gov/genomes/all/GCF/056/110/085/GCF_056110085.1_ASM5611008v1,ftp://ftp.ncbi.nlm.nih.gov/genomes/all/GCA/056/110/085/GCA_056110085.1_ASM5611008v1,True,True
kim_2015_bcc_chx_bzk,"Kim/Wang et al. 2015, J Ind Microbiol Biotechnol",10.1007/s10295-015-1605-x,https://pmc.ncbi.nlm.nih.gov/articles/PMC12381686/,B. cenocepacia,AU1054,CF blood,chlorhexidine,MIC,day_40,50,ug/mL,True,au1054,AU1054,au1054,32290291,GCF_056110085.1,GCA_056110085.1,GCF_056110085.1,Burkholderia orbicola (b-proteobacteria),SAMN52398954,AU1054,Contig,12,ftp://ftp.ncbi.nlm.nih.gov/genomes/all/GCF/056/110/085/GCF_056110085.1_ASM5611008v1,ftp://ftp.ncbi.nlm.nih.gov/genomes/all/GCA/056/110/085/GCA_056110085.1_ASM5611008v1,True,True
kim_2015_bcc_chx_bzk,"Kim/Wang et al. 2015, J Ind Microbiol Biotechnol",10.1007/s10295-015-1605-x,https://pmc.ncbi.nlm.nih.gov/articles/PMC12381686/,B. cenocepacia,AU1054,CF blood,benzalkonium chloride,MIC,baseline,200,ug/mL,True,au1054,AU1054,au1054,32290291,GCF_056110085.1,GCA_056110085.1,GCF_056110085.1,Burkholderia orbicola (b-proteobacteria),SAMN52398954,AU1054,Contig,12,ftp://ftp.ncbi.nlm.nih.gov/genomes/all/GCF/056/110/085/GCF_056110085.1_ASM5611008v1,ftp://ftp.ncbi.nlm.nih.gov/genomes/all/GCA/056/110/085/GCA_056110085.1_ASM5611008v1,True,True
kim_2015_bcc_chx_bzk,"Kim/Wang et al. 2015, J Ind Microbiol Biotechnol",10.1007/s10295-015-1605-x,https://pmc.ncbi.nlm.nih.gov/articles/PMC12381686/,B. cenocepacia,AU1054,CF blood,benzalkonium chloride,MIC,day_40,100,ug/mL,True,au1054,AU1054,au1054,32290291,GCF_056110085.1,GCA_056110085.1,GCF_056110085.1,Burkholderia orbicola (b-proteobacteria),SAMN52398954,AU1054,Contig,12,ftp://ftp.ncbi.nlm.nih.gov/genomes/all/GCF/056/110/085/GCF_056110085.1_ASM5611008v1,ftp://ftp.ncbi.nlm.nih.gov/genomes/all/GCA/056/110/085/GCA_056110085.1_ASM5611008v1,True,True
