query_strain,query_norm,uid,assembly_accession,genbank_accession,refseq_accession,organism,biosample_accession,assembly_strain,assembly_status,coverage,ftp_path_refseq,ftp_path_genbank,exact_norm_match,contains_norm_match
ATCC 17616,atcc17616,39588,GCF_000018505.1,GCA_000018505.1,GCF_000018505.1,Burkholderia multivorans ATCC 17616 (b-proteobacteria),SAMN00623032,ATCC 17616,Complete Genome,,ftp://ftp.ncbi.nlm.nih.gov/genomes/all/GCF/000/018/505/GCF_000018505.1_ASM1850v1,ftp://ftp.ncbi.nlm.nih.gov/genomes/all/GCA/000/018/505/GCA_000018505.1_ASM1850v1,True,True
ATCC 17616,atcc17616,32028,GCF_000010545.1,GCA_000010545.1,GCF_000010545.1,Burkholderia multivorans ATCC 17616 (b-proteobacteria),SAMD00060926,ATCC 17616,Complete Genome,,ftp://ftp.ncbi.nlm.nih.gov/genomes/all/GCF/000/010/545/GCF_000010545.1_ASM1054v1,ftp://ftp.ncbi.nlm.nih.gov/genomes/all/GCA/000/010/545/GCA_000010545.1_ASM1054v1,True,True
ATCC 17759,atcc17759,1550251,GCF_002906895.1,GCA_002906895.1,GCF_002906895.1,Burkholderia cepacia (b-proteobacteria),SAMN07827779,ATCC 17759,Scaffold,60,ftp://ftp.ncbi.nlm.nih.gov/genomes/all/GCF/002/906/895/GCF_002906895.1_ASM290689v1,ftp://ftp.ncbi.nlm.nih.gov/genomes/all/GCA/002/906/895/GCA_002906895.1_ASM290689v1,True,True
AU1054,au1054,32290291,GCF_056110085.1,GCA_056110085.1,GCF_056110085.1,Burkholderia orbicola (b-proteobacteria),SAMN52398954,AU1054,Contig,12,ftp://ftp.ncbi.nlm.nih.gov/genomes/all/GCF/056/110/085/GCF_056110085.1_ASM5611008v1,ftp://ftp.ncbi.nlm.nih.gov/genomes/all/GCA/056/110/085/GCA_056110085.1_ASM5611008v1,True,True
G4,g4,37308,GCF_000016205.1,GCA_000016205.1,GCF_000016205.1,Burkholderia vietnamiensis G4 (b-proteobacteria),SAMN02598263,G4,Complete Genome,,ftp://ftp.ncbi.nlm.nih.gov/genomes/all/GCF/000/016/205/GCF_000016205.1_ASM1620v1,ftp://ftp.ncbi.nlm.nih.gov/genomes/all/GCA/000/016/205/GCA_000016205.1_ASM1620v1,True,True
LMG 10929,lmg10929,7271941,GCF_902830295.1,GCA_902830295.1,GCF_902830295.1,Burkholderia vietnamiensis (b-proteobacteria),SAMEA6503572,LMG 10929,Scaffold,75,ftp://ftp.ncbi.nlm.nih.gov/genomes/all/GCF/902/830/295/GCF_902830295.1_ASM90283029v1,ftp://ftp.ncbi.nlm.nih.gov/genomes/all/GCA/902/830/295/GCA_902830295.1_ASM90283029v1,True,True
LMG 10929,lmg10929,315081,GCF_000959445.1,GCA_000959445.1,GCF_000959445.1,Burkholderia vietnamiensis LMG 10929 (b-proteobacteria),SAMN03107475,LMG 10929,Complete Genome,501,ftp://ftp.ncbi.nlm.nih.gov/genomes/all/GCF/000/959/445/GCF_000959445.1_ASM95944v1,ftp://ftp.ncbi.nlm.nih.gov/genomes/all/GCA/000/959/445/GCA_000959445.1_ASM95944v1,True,True
LMG 14191,lmg14191,7275711,GCF_902832895.1,GCA_902832895.1,GCF_902832895.1,Burkholderia pyrrocinia (b-proteobacteria),SAMEA6503555,LMG 14191,Scaffold,75,ftp://ftp.ncbi.nlm.nih.gov/genomes/all/GCF/902/832/895/GCF_902832895.1_ASM90283289v1,ftp://ftp.ncbi.nlm.nih.gov/genomes/all/GCA/902/832/895/GCA_902832895.1_ASM90283289v1,True,True
LMG 18943,lmg18943,7050871,GCF_902499135.1,GCA_902499135.1,GCF_902499135.1,Burkholderia dolosa (b-proteobacteria),SAMEA5795690,LMG 18943,Contig,145,ftp://ftp.ncbi.nlm.nih.gov/genomes/all/GCF/902/499/135/GCF_902499135.1_ASM90249913v1,ftp://ftp.ncbi.nlm.nih.gov/genomes/all/GCA/902/499/135/GCA_902499135.1_ASM90249913v1,True,True
LMG 20980,lmg20980,7272021,GCF_902830395.1,GCA_902830395.1,GCF_902830395.1,Burkholderia anthina (b-proteobacteria),SAMEA6503247,LMG 20980,Contig,71,ftp://ftp.ncbi.nlm.nih.gov/genomes/all/GCF/902/830/395/GCF_902830395.1_ASM90283039v1,ftp://ftp.ncbi.nlm.nih.gov/genomes/all/GCA/902/830/395/GCA_902830395.1_ASM90283039v1,True,True
MC40-6,mc406,40968,GCF_000019925.1,GCA_000019925.1,GCF_000019925.1,Burkholderia ambifaria MC40-6 (b-proteobacteria),SAMN02598385,MC40-6,Complete Genome,,ftp://ftp.ncbi.nlm.nih.gov/genomes/all/GCF/000/019/925/GCF_000019925.1_ASM1992v1,ftp://ftp.ncbi.nlm.nih.gov/genomes/all/GCA/000/019/925/GCA_000019925.1_ASM1992v1,True,True
