study_key,link_text,href,extension,machine_readable_candidate,spreadsheet_candidate
proteus_2025_chx_cationic,,https://pmc.ncbi.nlm.nih.gov/articles/PMC12304739/pdf/mic-171-01580.pdf,.pdf,False,False
proteus_2025_chx_cationic,Table 1,https://pmc.ncbi.nlm.nih.gov/articles/PMC12304739/#T1,,False,False
proteus_2025_chx_cationic,Open in a new tab,https://pmc.ncbi.nlm.nih.gov/articles/PMC12304739/table/T1/,,False,False
proteus_2025_chx_cationic,Table 2,https://pmc.ncbi.nlm.nih.gov/articles/PMC12304739/#T2,,False,False
proteus_2025_chx_cationic,Open in a new tab,https://pmc.ncbi.nlm.nih.gov/articles/PMC12304739/table/T2/,,False,False
proteus_2025_chx_cationic,mic-171-01580-s001.xlsx,https://pmc.ncbi.nlm.nih.gov/articles/instance/12304739/bin/mic-171-01580-s001.xlsx,.xlsx,True,True
proteus_2025_chx_cationic,Google Scholar,https://scholar.google.com/scholar_lookup?journal=GMS%20Hyg%20Infect%20Control&title=Infection%20prevention%20requirements%20for%20the%20medical%20care%20of%20immunosuppressed%20patients:%20recommendations%20of%20the%20Commission%20for%20Hospital%20Hygiene%20and%20Infection%20Prevention%20(KRINKO)%20at%20the%20Robert%20Koch%20Institute&volume=17&publication_year=2022&pages=Doc07&pmid=35707229&doi=10.3205/dgkh000410&,,False,False
proteus_2025_chx_cationic,Google Scholar,https://scholar.google.com/scholar_lookup?journal=BMJ%20Open%20Qual&title=Reducing%20healthcare-associated%20infections%20by%20improving%20compliance%20to%20aseptic%20non-touch%20technique%20in%20intravenous%20line%20maintenance:%20a%20quality%20improvement%20approach&author=S%20Shettigar&author=A%20Somasekhara%20Aradhya&author=S%20Ramappa&author=V%20Reddy&author=P%20Venkatagiri&volume=10&publication_year=2021&pages=Suppl&pmid=34344750&doi=10.1136/bmjoq-2021-001394&,,False,False
proteus_2025_chx_cationic,Google Scholar,https://scholar.google.com/scholar_lookup?journal=J%20Appl%20Microbiol&title=Susceptibility%20of%20antibiotic-resistant%20gram-negative%20bacteria%20to%20biocides:%20a%20perspective%20from%20the%20study%20of%20catheter%20biofilms&author=DJ%20Stickler&volume=92%20Suppl&publication_year=2002&pages=163S-70S&pmid=12000625&,,False,False
proteus_2025_chx_cationic,https://github.com/tseemann/snippy,https://github.com/tseemann/snippy,,False,False
proteus_2025_chx_cationic,Google Scholar,https://scholar.google.com/scholar_lookup?journal=Methods%20Mol%20Biol&title=Identification%20of%20mutations%20in%20laboratory-evolved%20microbes%20from%20next-generation%20sequencing%20data%20using%20breseq&author=DE%20Deatherage&author=JE%20Barrick&volume=1151&publication_year=2014&pages=165-188&pmid=24838886&doi=10.1007/978-1-4939-0554-6_12&,,False,False
proteus_2025_chx_cationic,Google Scholar,https://scholar.google.com/scholar_lookup?journal=J%20Appl%20Microbiol&title=Cellular%20impermeability%20and%20uptake%20of%20biocides%20and%20antibiotics%20in%20Gram-negative%20bacteria&author=SP%20Denyer&author=JY%20Maillard&volume=92%20Suppl&publication_year=2002&pages=35S-45S&pmid=12000611&,,False,False
proteus_2025_chx_cationic,Google Scholar,https://scholar.google.com/scholar_lookup?journal=J%20Hosp%20Infect&title=epic3:%20national%20evidence-based%20guidelines%20for%20preventing%20healthcare-associated%20infections%20in%20NHS%20hospitals%20in%20England&author=HP%20Loveday&author=JA%20Wilson&author=RJ%20Pratt&author=M%20Golsorkhi&author=A%20Tingle&volume=86%20Suppl%201&publication_year=2014&pages=S1-70&pmid=24330862&doi=10.1016/S0195-6701(13)60012-2&,,False,False
proteus_2025_chx_cationic,NCBI on GitHub,https://github.com/ncbi,,False,False
proteus_2025_chx_cationic,"National Library of Medicine 8600 Rockville Pike Bethesda, MD 20894","https://www.google.com/maps/place/8600+Rockville+Pike,+Bethesda,+MD+20894/%4038.9959508,            -77.101021,17z/data%3D!3m1!4b1!4m5!3m4!1s0x89b7c95e25765ddb%3A0x19156f88b27635b8!8m2!3d38.9959508!            4d-77.0988323",.0988323,False,False
proteus_2025_chx_cationic,Help,https://support.nlm.nih.gov/,.gov,False,False
enterococcus_faecium_2019_chx,,https://pmc.ncbi.nlm.nih.gov/articles/PMC6856339/pdf/AEM.01589-19.pdf,.pdf,False,False
enterococcus_faecium_2019_chx,https://www.who.int/medicines/publications/WHO-PPL-Short_Summary_25Feb-ET_NM_WHO.pdf,https://www.who.int/medicines/publications/WHO-PPL-Short_Summary_25Feb-ET_NM_WHO.pdf,.pdf,False,False
enterococcus_faecium_2019_chx,Table 1,https://pmc.ncbi.nlm.nih.gov/articles/PMC6856339/#T1,,False,False
enterococcus_faecium_2019_chx,Open in a new tab,https://pmc.ncbi.nlm.nih.gov/articles/PMC6856339/table/T1/,,False,False
enterococcus_faecium_2019_chx,Table 2,https://pmc.ncbi.nlm.nih.gov/articles/PMC6856339/#T2,,False,False
enterococcus_faecium_2019_chx,Open in a new tab,https://pmc.ncbi.nlm.nih.gov/articles/PMC6856339/table/T2/,,False,False
enterococcus_faecium_2019_chx,https://www.sigmaaldrich.com/content/dam/sigma-aldrich/docs/Sigma/Product_Information_Sheet/c9394pis.pdf,https://www.sigmaaldrich.com/content/dam/sigma-aldrich/docs/Sigma/Product_Information_Sheet/c9394pis.pdf,.pdf,False,False
enterococcus_faecium_2019_chx,https://github.com/ssi-dk/SerumQC,https://github.com/ssi-dk/SerumQC,,False,False
enterococcus_faecium_2019_chx,AEM.01589-19-s0001.pdf,https://pmc.ncbi.nlm.nih.gov/articles/instance/6856339/bin/AEM.01589-19-s0001.pdf,.pdf,False,False
enterococcus_faecium_2019_chx,Google Scholar,"https://scholar.google.com/scholar_lookup?journal=Sci%20Total%20Environ&title=Water%20supply%20and%20feed%20as%20sources%20of%20antimicrobial-resistant%20Enterococcus%20spp.%20in%20aquacultures%20of%20rainbow%20trout%20(Oncorhyncus%20mykiss),%20Portugal&author=C%20Novais&author=J%20Campos&author=AR%20Freitas&author=M%20Barros&author=E%20Silveira&volume=625&publication_year=2018&pages=1102-1112&pmid=29996407&doi=10.1016/j.scitotenv.2017.12.265&",,False,False
enterococcus_faecium_2019_chx,NCBI on GitHub,https://github.com/ncbi,,False,False
enterococcus_faecium_2019_chx,"National Library of Medicine 8600 Rockville Pike Bethesda, MD 20894","https://www.google.com/maps/place/8600+Rockville+Pike,+Bethesda,+MD+20894/%4038.9959508,            -77.101021,17z/data%3D!3m1!4b1!4m5!3m4!1s0x89b7c95e25765ddb%3A0x19156f88b27635b8!8m2!3d38.9959508!            4d-77.0988323",.0988323,False,False
enterococcus_faecium_2019_chx,Help,https://support.nlm.nih.gov/,.gov,False,False
hospital_environment_chx_2024,Supplementary material,https://www.medrxiv.org/content/10.1101/2024.10.07.24315058v1.supplementary-material,.supplementary-material,False,False
hospital_environment_chx_2024,,https://www.medrxiv.org/panels_ajax_tab/biorxiv_tab_data/node:879853/1,,False,False
hospital_environment_chx_2024,Data/Code,https://www.medrxiv.org/content/10.1101/2024.10.07.24315058v1.external-links,.external-links,False,False
hospital_environment_chx_2024,,https://www.medrxiv.org/panels_ajax_tab/article_tab_data_code/node:879853/1,,False,False
hospital_environment_chx_2024,Preview PDF,https://www.medrxiv.org/content/10.1101/2024.10.07.24315058v1.full.pdf+html,.pdf+html,False,False
hospital_environment_chx_2024,,https://www.medrxiv.org/panels_ajax_tab/biorxiv_tab_pdf/node:879853/1,,False,False
hospital_environment_chx_2024,https://github.com/hartmann-lab/Chlorhexidine_Tolerance_Hospital_Environments,https://github.com/hartmann-lab/Chlorhexidine_Tolerance_Hospital_Environments,,False,False
hospital_environment_chx_2024,OpenUrl,https://www.medrxiv.org/content/10.1101/{openurl}?query=rft.jtitle%253DCritical%2Bcare%2Bmedicine%26rft.stitle%253DCrit%2BCare%2BMed%26rft.aulast%253DFridkin%26rft.auinit1%253DS.%2BK.%26rft.volume%253D29%26rft.issue%253D4%2BSuppl%26rft.spage%253DN64%26rft.epage%253DN68%26rft.atitle%253DIncreasing%2Bprevalence%2Bof%2Bantimicrobial%2Bresistance%2Bin%2Bintensive%2Bcare%2Bunits.%26rft_id%253Dinfo%253Adoi%252F10.1097%252F00003246-200104001-00002%26rft_id%253Dinfo%253Apmid%252F11292878%26rft.genre%253Darticle%26rft_val_fmt%253Dinfo%253Aofi%252Ffmt%253Akev%253Amtx%253Ajournal%26ctx_ver%253DZ39.88-2004%26url_ver%253DZ39.88-2004%26url_ctx_fmt%253Dinfo%253Aofi%252Ffmt%253Akev%253Amtx%253Actx,,False,False
hospital_environment_chx_2024,https://rpkgs.datanovia.com/rstatix/,https://rpkgs.datanovia.com/rstatix/,,False,False
hospital_environment_chx_2024,Download PDF,https://www.medrxiv.org/content/10.1101/2024.10.07.24315058v1.full.pdf,.pdf,False,False
hospital_environment_chx_2024,Data/Code,https://www.medrxiv.org/content/early/2024/10/08/2024.10.07.24315058.external-links,.external-links,False,False
