study_key,citation_short,year,organism_group,organism_role,endpoint,reported_n_phenotyped,reported_n_sequenced,row_level_label_evidence,genome_linkage_evidence,accession_or_project,endpoint_type,row_level_labels_status,public_genome_status,ml_readiness,priority,next_action,doi,url,caution,has_reported_bioproject,has_reported_row_level_signal,readiness_rank,audit_batch
proteus_2025_chx_cationic,"Bennett et al. 2025, Microbiology",2025,Proteus mirabilis,catheter-associated urinary pathogen; healthcare wet-environment relevance,Chlorhexidine and other cationic biocide tolerance,,,Article states all clinical metadata and accession numbers are included in Table S1; phenotype focus is cationic biocide tolerance.,Raw reads generated under PRJNA1154625; previous PR00XXX reads under PRJNA475751; reference HI4320 under PRJNA12624.,PRJNA1154625; PRJNA475751; PRJNA12624,MIC/tolerance,needs_supplement_extraction,bioproject_reported,top_audit_candidate,1,Extract Table S1 and verify whether each isolate has a CHX/cationic biocide phenotype plus SRA/BioSample accession.,10.1099/mic.0.001580,https://pmc.ncbi.nlm.nih.gov/articles/PMC12304739/,Do not assume Table S1 contains every MIC endpoint until supplement extraction is verified.,True,True,1,immediate
enterococcus_faecium_2019_chx,"García-Solache et al. 2019, Antimicrobial Agents and Chemotherapy",2019,Enterococcus faecium,nosocomial pathogen; VRE and hospital disinfectant relevance,Chlorhexidine MIC distribution and CHX-tolerance operon signature,106.0,106.0,Paper reports MIC_CHX distribution for 106 isolates from diverse sources and phylogenomic backgrounds.,Paper describes phylogenomic grouping; accession-level supplement still needs extraction.,,MIC,reported_in_article_or_supplement,needs_accession_verification,top_audit_candidate,2,"Download supplementary files and check whether isolate IDs, MIC_CHX values, clades, and genome accessions are in one recoverable table.",10.1128/AAC.01589-19,https://pmc.ncbi.nlm.nih.gov/articles/PMC6856339/,"Good size, but not model-ready until public genome accessions are confirmed.",False,True,1,immediate
enterococcus_faecalis_2022_chx,"García-Solache et al. 2022, mSphere",2022,Enterococcus faecalis,hospital-associated opportunist; related to VRE surveillance context,Chlorhexidine susceptibility and ChlR-EfrEF evolution,,,Article reports chlorhexidine MIC heterogeneity and clonal-lineage associations.,Genomic evolution focus; accession-level linkage must be verified from supplements.,,MIC,reported_but_needs_table_verification,needs_accession_verification,second_tier_audit_candidate,3,Inspect supplements for isolate-level MIC_CHX and public genome identifiers.,10.1128/msphere.00486-22,https://pmc.ncbi.nlm.nih.gov/articles/PMC9430118/,Likely more useful as external validation/context unless isolate count and accessions are strong.,False,True,2,immediate
hospital_environment_chx_2024,"Hartmann lab 2024, medRxiv",2024,Mixed hospital environmental bacteria,wet hospital environment; strong bridge toward pharmaceutical water risk prioritization,Chlorhexidine MICs across environmental isolates,,,"Preprint describes supplementary Table S4 with ARGs, CHX MICs, taxonomic assignments, and sample metadata.",Raw WGS data reported under PRJNA1169385 and source code on GitHub.,PRJNA1169385,MIC,reported_in_preprint_supplement,conditional_or_pending,high_value_but_risky,4,Check whether GitHub/supplement contains a machine-readable Table S4 and whether PRJNA1169385 is public.,10.1101/2024.10.07.24315058,https://www.medrxiv.org/content/10.1101/2024.10.07.24315058v1.full-text,Preprint status and data-release timing make this unsuitable as a core benchmark until data are actually accessible.,True,True,3,immediate
pseudomonas_2021_triclosan,"Webber et al. 2021, Applied and Environmental Microbiology",2021,Diverse Pseudomonas spp.,water-associated opportunists; relevant to Pseudomonas pharma-water organisms,Triclosan MIC and FabV-related genotype,30.0,30.0,Table 1 reports isolate-level triclosan-related phenotypes and genotypes.,Study performed WGS for all isolates; supplemental scripts/data reported.,,MIC,reported_in_article,needs_accession_verification,small_external_case_study,5,Extract Table 1 and supplementary genome accessions; use only as external case study if n remains ~30.,10.1128/AEM.02924-20,https://pmc.ncbi.nlm.nih.gov/articles/PMC8091609/,Too small for a strong second benchmark; useful for mechanism-oriented transfer testing.,False,True,4,external_case
food_drain_biofilm_2025,Frontiers food-industry drain biofilm study 2025,2025,Mixed food-industry drain isolates from 24 genera,industrial wet environment; food/pharma sanitation analogy,Benzalkonium chloride MIC and biofilm survival/regrowth after biocide exposure,31.0,31.0,Study used 31 WGS bacterial isolates; abstract reports BC MIC context and viable-survivor/biofilm outcomes.,BioProject PRJNA1194757 reported for sequencing/metagenomic data.,PRJNA1194757,MIC/survival,needs_article_supplement_verification,bioproject_reported,small_external_case_study,7,Verify whether the 31 isolate genomes and isolate-level BC MICs are public and linkable.,10.3389/fmicb.2025.1542193,https://pubmed.ncbi.nlm.nih.gov/40160267/,Small and mixed-species; better for external screening than training.,True,True,4,external_case
staphylococcus_vet_qac_2016,Veterinary Staphylococcus qac/biocide study,2016,Staphylococcus aureus and Staphylococcus pseudintermedius,skin/clinical isolates; chlorhexidine and QAC decolonization relevance,"F10SC, benzalkonium-containing QAC, and chlorhexidine tolerance",31.0,,Phenotypic biocide tolerance tested in a subset of 31 isolates.,"Article states all isolates underwent WGS/MLST, but accession availability needs verification.",,MIC/tolerance subset,reported_for_subset,needs_accession_verification,small_external_case_study,8,Recover original article/supplement and verify isolate-level tolerance plus WGS accession mapping.,,https://1library.net/document/yd951r1z-veterinary-methicillin-resistant-methicillin-susceptible-staphylococcus-staphylococcus-pseudintermedius.html,Likely underpowered and may not have clean public accession links.,False,True,4,external_case
canine_feline_multispecies_2022,"Schwarz et al. 2022, Antibiotics",2022,"E. faecalis, E. faecium, E. coli, P. aeruginosa, A. baumannii",clinical veterinary opportunists; includes multiple water/hospital-relevant species,"BZK, chlorhexidine, polyhexanide, and octenidine MICs",215.0,,"Paper reports species-level MIC distributions for 49 E. faecalis, 37 E. faecium, 59 E. coli, 56 P. aeruginosa, and 14 A. baumannii isolates.",No public WGS linkage identified from the article-level evidence.,,MIC distribution,likely_aggregate_distribution,not_confirmed,context_only_unless_raw_table_found,6,"Inspect supplements for row-level MICs; if only distributions are public, cite as ECOFF/context evidence.",10.3390/antibiotics11020249,https://pmc.ncbi.nlm.nih.gov/articles/PMC8868471/,"Large phenotyped panel, but aggregate distributions and missing genomes probably block supervised ML.",False,False,5,context
serratia_hri_2020_qac,"Labuschagne et al. 2020, Microbiology Resource Announcements",2020,Serratia sp.,isolated from DDAC disinfectant bottle; direct disinfectant-contamination relevance,QAC MICs including BZK and DDAC,2.0,1.0,Table reports MICs for resistant Serratia HRI and type-strain comparator.,HRI genome deposited under PRJNA580358; BioSample SAMN13155787; SRA and assembly accessions reported.,PRJNA580358; SAMN13155787; WIXF00000000,MIC,reported_in_article,single_genome_reported,mechanistic_case_only,9,"Use as qualitative validation/control for QAC-region screening, not model training.",10.1128/MRA.00164-20,https://pmc.ncbi.nlm.nih.gov/articles/PMC7193921/,Too few isolates for ML.,True,True,6,context
ecoli_2021_bzk_evolution,"Gadea et al. 2021, ISME Communications",2021,Escherichia coli K-12 experimental evolution,model organism; mechanistic adaptation to periodic disinfection,Benzalkonium chloride persistence/tolerance evolution,,,Experimental-evolution populations/isolates under BZK exposure.,WGS data deposited under PRJNA735069; reference NC_000913.3/GCF_000005845.2.,PRJNA735069; NC_000913.3; GCF_000005845.2,experimental evolution,lab_evolution_design,bioproject_reported,mechanistic_case_only,10,"Use for robustness/adaptation discussion, not population-level supervised ML.",10.1038/s43705-021-00061-9,https://pmc.ncbi.nlm.nih.gov/articles/PMC8611074/,Adapted-lineage labels are not equivalent to independent isolate tolerance labels.,True,False,6,context
