article_id,title,doi,figshare_url,file_id,file_name,file_size_bytes,file_mimetype,download_url,machine_readable_table_file,mentions_ddac
21533967,"FIGURE 1. Antimicrobial resistance for hospital strains (n=4,375) and study panel (n=180).",10.6084/m9.figshare.21533967.v6,https://figshare.com/articles/figure/FIGURE_1_Antimicrobial_resistance_for_hospital_strains_n_4_375_and_study_panel_n_180_/21533967,38172075,20221104_fig1.tiff,13595118,image/tiff,https://ndownloader.figshare.com/files/38172075,False,True
21534396,"FIGURE 2. Annual frequency of carbapenem resistance phenotype for all <i>P. aeruginosa</i> P strains tested for antibiotic susceptibility at the University Hospital of Caen n=4,375 (a) and the study panel n=180 (b); and annual frequency of the decreased susceptibility to DDAC phenotype on the study panel (b).",10.6084/m9.figshare.21534396.v3,https://figshare.com/articles/figure/FIGURE_2_Annual_frequency_of_carbapenem_resistance_phenotype_for_all_i_P_aeruginosa_i_P_strains_tested_for_antibiotic_susceptibility_at_the_University_Hospital_of_Caen_n_4_375_a_and_the_study_panel_n_180_b_and_annual_frequency_of_the_decrea/21534396,38170884,20221104_fig2.tiff,11159470,image/tiff,https://ndownloader.figshare.com/files/38170884,False,True
21534627,FIGURE 3. Minimum spanning tree of strains from panel for genomic characterization and reference strains (n=77+4).,10.6084/m9.figshare.21534627.v3,https://figshare.com/articles/figure/FIGURE_3_Minimum_spanning_tree_of_strains_from_panel_for_genomic_characterization_and_reference_strains_n_77_4_/21534627,38171619,20221104_fig3.tiff,19504898,image/tiff,https://ndownloader.figshare.com/files/38171619,False,True
21534642,FIGURE 4. Antimicrobials resistance-associated genes of strains from panel for genomic characterization and reference strains (n=77+4).,10.6084/m9.figshare.21534642.v2,https://figshare.com/articles/figure/FIGURE_4_Antimicrobials_resistance-associated_genes_of_strains_from_panel_for_genomic_characterization_and_reference_strains_n_77_4_/21534642,38171544,20220922_fig4.tiff,19786878,image/tiff,https://ndownloader.figshare.com/files/38171544,False,True
21534690,TABLE 1. Demographic and clinical characteristics of patients associated with the P-strains (n=124) from the study panel.,10.6084/m9.figshare.21534690.v2,https://figshare.com/articles/figure/TABLE_1_Demographic_and_clinical_characteristics_of_patients_associated_with_the_P-strains_n_124_from_the_study_panel_/21534690,38171814,table1.svg,54374,image/svg,https://ndownloader.figshare.com/files/38171814,False,False
21534696,"TABLE 2. Antipseudomonal antibiotics received by patients associated with the P-strains (n=124) from the study panel, before and after the identification of <i>P. aeruginosa</i> during the stay.",10.6084/m9.figshare.21534696.v2,https://figshare.com/articles/figure/TABLE_2_Antipseudomonal_antibiotics_received_by_patients_associated_with_the_P-strains_n_124_from_the_study_panel_before_and_after_the_identification_of_i_P_aeruginosa_i_during_the_stay_/21534696,38171994,table2.svg,50960,image/svg,https://ndownloader.figshare.com/files/38171994,False,False
21534702,TABLE 3. Serotyping and multilocus sequence typing (MLST) of all sequenced strains: the panel for genomic characterization (n=77) and reference strains (n=4).,10.6084/m9.figshare.21534702.v2,https://figshare.com/articles/figure/TABLE_3_Serotyping_and_multilocus_sequence_typing_MLST_of_all_sequenced_strains_the_panel_for_genomic_characterization_n_77_and_reference_strains_n_4_/21534702,38171823,table3.svg,103124,image/svg,https://ndownloader.figshare.com/files/38171823,False,False
21534741,SUPPLEMENTARY DATA 2. Selection diagram for the study and reference strains.,10.6084/m9.figshare.21534741.v2,https://figshare.com/articles/figure/SUPPLEMENTARY_DATA_2_Selection_diagram_for_the_study_and_reference_strains_/21534741,38171802,Supplementary_data2.png,871997,image/png,https://ndownloader.figshare.com/files/38171802,False,False
21534747,SUPPLEMENTARY DATA 3. The sequence of oligonucleotide primers.,10.6084/m9.figshare.21534747.v2,https://figshare.com/articles/figure/SUPPLEMENTARY_DATA_3_The_sequence_of_oligonucleotide_primers_/21534747,38171829,sd_table3.svg,21880,image/svg,https://ndownloader.figshare.com/files/38171829,False,False
21534753,"SUPPLEMENTARY DATA 4. Temporal distribution: of all <i>Pseudomonas aeruginosa</i> strains isolated at Caen UHC over 2011-2020, the study panel, and of genomic characterization panel.",10.6084/m9.figshare.21534753.v2,https://figshare.com/articles/figure/SUPPLEMENTARY_DATA_4_Temporal_distribution_of_all_i_Pseudomonas_aeruginosa_i_strains_isolated_at_Caen_UHC_over_2011-2020_the_study_panel_and_of_genomic_characterization_panel_/21534753,38171859,sd_table4.svg,59893,image/svg,https://ndownloader.figshare.com/files/38171859,False,False
21534774,SUPPLEMENTARY DATA 5. Distribution by sample type of the study panel (n=180).,10.6084/m9.figshare.21534774.v2,https://figshare.com/articles/figure/SUPPLEMENTARY_DATA_5_Distribution_by_sample_type_of_the_study_panel_n_180_/21534774,38171895,Supplementary_data5.tiff,6089350,image/tiff,https://ndownloader.figshare.com/files/38171895,False,False
21534780,SUPPLEMENTARY DATA 6. Antimicrobial resistance for the study panel (n=180).,10.6084/m9.figshare.21534780.v2,https://figshare.com/articles/figure/SUPPLEMENTARY_DATA_6_Antimicrobial_resistance_for_the_study_panel_n_180_/21534780,38175096,Supplementary_data6.tiff,22095102,image/tiff,https://ndownloader.figshare.com/files/38175096,False,True
