uid,assembly_accession,genbank_accession,refseq_accession,assembly_name,organism,species_name,biosample_accession,strain,coverage,assembly_status,contig_n50,scaffold_n50,ftp_path_refseq,ftp_path_genbank
14191821,GCF_025800085.1,GCA_025800085.1,GCF_025800085.1,ASM2580008v1,Pseudomonas aeruginosa (g-proteobacteria),Pseudomonas aeruginosa,SAMN31034147,H-16-00083-2-1,61.6,Scaffold,132525,268776,ftp://ftp.ncbi.nlm.nih.gov/genomes/all/GCF/025/800/085/GCF_025800085.1_ASM2580008v1,ftp://ftp.ncbi.nlm.nih.gov/genomes/all/GCA/025/800/085/GCA_025800085.1_ASM2580008v1
14191811,GCF_025800065.1,GCA_025800065.1,GCF_025800065.1,ASM2580006v1,Pseudomonas aeruginosa (g-proteobacteria),Pseudomonas aeruginosa,SAMN31034149,H-16-00105-1-1,59.67,Scaffold,91649,164838,ftp://ftp.ncbi.nlm.nih.gov/genomes/all/GCF/025/800/065/GCF_025800065.1_ASM2580006v1,ftp://ftp.ncbi.nlm.nih.gov/genomes/all/GCA/025/800/065/GCA_025800065.1_ASM2580006v1
14191871,GCF_025800165.1,GCA_025800165.1,GCF_025800165.1,ASM2580016v1,Pseudomonas aeruginosa (g-proteobacteria),Pseudomonas aeruginosa,SAMN31034150,H-16-00106-1-1,82.1,Scaffold,127424,186076,ftp://ftp.ncbi.nlm.nih.gov/genomes/all/GCF/025/800/165/GCF_025800165.1_ASM2580016v1,ftp://ftp.ncbi.nlm.nih.gov/genomes/all/GCA/025/800/165/GCA_025800165.1_ASM2580016v1
14191781,GCF_025800025.1,GCA_025800025.1,GCF_025800025.1,ASM2580002v1,Pseudomonas aeruginosa (g-proteobacteria),Pseudomonas aeruginosa,SAMN31034151,H-16-00109-1-1,71.5,Scaffold,164053,409473,ftp://ftp.ncbi.nlm.nih.gov/genomes/all/GCF/025/800/025/GCF_025800025.1_ASM2580002v1,ftp://ftp.ncbi.nlm.nih.gov/genomes/all/GCA/025/800/025/GCA_025800025.1_ASM2580002v1
14191751,GCF_025799985.1,GCA_025799985.1,GCF_025799985.1,ASM2579998v1,Pseudomonas aeruginosa (g-proteobacteria),Pseudomonas aeruginosa,SAMN31034155,H-16-00118-1-1,91.45,Scaffold,117203,188386,ftp://ftp.ncbi.nlm.nih.gov/genomes/all/GCF/025/799/985/GCF_025799985.1_ASM2579998v1,ftp://ftp.ncbi.nlm.nih.gov/genomes/all/GCA/025/799/985/GCA_025799985.1_ASM2579998v1
14191771,GCF_025800005.1,GCA_025800005.1,GCF_025800005.1,ASM2580000v1,Pseudomonas aeruginosa (g-proteobacteria),Pseudomonas aeruginosa,SAMN31034156,H-16-00127-1-1,78.78,Scaffold,204345,263366,ftp://ftp.ncbi.nlm.nih.gov/genomes/all/GCF/025/800/005/GCF_025800005.1_ASM2580000v1,ftp://ftp.ncbi.nlm.nih.gov/genomes/all/GCA/025/800/005/GCA_025800005.1_ASM2580000v1
14248291,GCF_025910125.1,GCA_025910125.1,GCF_025910125.1,ASM2591012v1,Pseudomonas aeruginosa (g-proteobacteria),Pseudomonas aeruginosa,SAMN31034157,H-16-00133-1-1,85.47,Scaffold,199916,244776,ftp://ftp.ncbi.nlm.nih.gov/genomes/all/GCF/025/910/125/GCF_025910125.1_ASM2591012v1,ftp://ftp.ncbi.nlm.nih.gov/genomes/all/GCA/025/910/125/GCA_025910125.1_ASM2591012v1
14191791,GCF_025800015.1,GCA_025800015.1,GCF_025800015.1,ASM2580001v1,Pseudomonas aeruginosa (g-proteobacteria),Pseudomonas aeruginosa,SAMN31034159,H-16-00136-2-1,119.57,Scaffold,135017,197058,ftp://ftp.ncbi.nlm.nih.gov/genomes/all/GCF/025/800/015/GCF_025800015.1_ASM2580001v1,ftp://ftp.ncbi.nlm.nih.gov/genomes/all/GCA/025/800/015/GCA_025800015.1_ASM2580001v1
14191741,GCF_025799965.1,GCA_025799965.1,GCF_025799965.1,ASM2579996v1,Pseudomonas aeruginosa (g-proteobacteria),Pseudomonas aeruginosa,SAMN31034163,H-16-00172-1-1,90.53,Scaffold,150415,258039,ftp://ftp.ncbi.nlm.nih.gov/genomes/all/GCF/025/799/965/GCF_025799965.1_ASM2579996v1,ftp://ftp.ncbi.nlm.nih.gov/genomes/all/GCA/025/799/965/GCA_025799965.1_ASM2579996v1
14191721,GCF_025799945.1,GCA_025799945.1,GCF_025799945.1,ASM2579994v1,Pseudomonas aeruginosa (g-proteobacteria),Pseudomonas aeruginosa,SAMN31034165,H-16-15755-1-1,146.53,Scaffold,188481,221949,ftp://ftp.ncbi.nlm.nih.gov/genomes/all/GCF/025/799/945/GCF_025799945.1_ASM2579994v1,ftp://ftp.ncbi.nlm.nih.gov/genomes/all/GCA/025/799/945/GCA_025799945.1_ASM2579994v1
14191711,GCF_025799925.1,GCA_025799925.1,GCF_025799925.1,ASM2579992v1,Pseudomonas aeruginosa (g-proteobacteria),Pseudomonas aeruginosa,SAMN31034166,H-16-15856-1-1,214.59,Scaffold,239882,242946,ftp://ftp.ncbi.nlm.nih.gov/genomes/all/GCF/025/799/925/GCF_025799925.1_ASM2579992v1,ftp://ftp.ncbi.nlm.nih.gov/genomes/all/GCA/025/799/925/GCA_025799925.1_ASM2579992v1
14191701,GCF_025799905.1,GCA_025799905.1,GCF_025799905.1,ASM2579990v1,Pseudomonas aeruginosa (g-proteobacteria),Pseudomonas aeruginosa,SAMN31034167,H-17-00181-1-1,69.44,Scaffold,165418,185808,ftp://ftp.ncbi.nlm.nih.gov/genomes/all/GCF/025/799/905/GCF_025799905.1_ASM2579990v1,ftp://ftp.ncbi.nlm.nih.gov/genomes/all/GCA/025/799/905/GCA_025799905.1_ASM2579990v1
14191641,GCF_025799855.1,GCA_025799855.1,GCF_025799855.1,ASM2579985v1,Pseudomonas aeruginosa (g-proteobacteria),Pseudomonas aeruginosa,SAMN31034168,H-17-00199-1-1,86.33,Scaffold,155163,197671,ftp://ftp.ncbi.nlm.nih.gov/genomes/all/GCF/025/799/855/GCF_025799855.1_ASM2579985v1,ftp://ftp.ncbi.nlm.nih.gov/genomes/all/GCA/025/799/855/GCA_025799855.1_ASM2579985v1
14191681,GCF_025799885.1,GCA_025799885.1,GCF_025799885.1,ASM2579988v1,Pseudomonas aeruginosa (g-proteobacteria),Pseudomonas aeruginosa,SAMN31034171,H-17-00222-1-1,71.89,Scaffold,96688,131371,ftp://ftp.ncbi.nlm.nih.gov/genomes/all/GCF/025/799/885/GCF_025799885.1_ASM2579988v1,ftp://ftp.ncbi.nlm.nih.gov/genomes/all/GCA/025/799/885/GCA_025799885.1_ASM2579988v1
14191661,GCF_025799845.1,GCA_025799845.1,GCF_025799845.1,ASM2579984v1,Pseudomonas aeruginosa (g-proteobacteria),Pseudomonas aeruginosa,SAMN31034172,H-17-00235-2-1,126.95,Scaffold,142498,201065,ftp://ftp.ncbi.nlm.nih.gov/genomes/all/GCF/025/799/845/GCF_025799845.1_ASM2579984v1,ftp://ftp.ncbi.nlm.nih.gov/genomes/all/GCA/025/799/845/GCA_025799845.1_ASM2579984v1
14191651,GCF_025799825.1,GCA_025799825.1,GCF_025799825.1,ASM2579982v1,Pseudomonas aeruginosa (g-proteobacteria),Pseudomonas aeruginosa,SAMN31034173,H-17-00236-1-1,102.69,Scaffold,78243,124525,ftp://ftp.ncbi.nlm.nih.gov/genomes/all/GCF/025/799/825/GCF_025799825.1_ASM2579982v1,ftp://ftp.ncbi.nlm.nih.gov/genomes/all/GCA/025/799/825/GCA_025799825.1_ASM2579982v1
14191611,GCF_025799775.1,GCA_025799775.1,GCF_025799775.1,ASM2579977v1,Pseudomonas aeruginosa (g-proteobacteria),Pseudomonas aeruginosa,SAMN31034174,H-17-00246-2-1,88.33,Scaffold,91065,148189,ftp://ftp.ncbi.nlm.nih.gov/genomes/all/GCF/025/799/775/GCF_025799775.1_ASM2579977v1,ftp://ftp.ncbi.nlm.nih.gov/genomes/all/GCA/025/799/775/GCA_025799775.1_ASM2579977v1
14191601,GCF_025799765.1,GCA_025799765.1,GCF_025799765.1,ASM2579976v1,Pseudomonas aeruginosa (g-proteobacteria),Pseudomonas aeruginosa,SAMN31034175,H-17-00248-1-1,98.62,Scaffold,108870,141817,ftp://ftp.ncbi.nlm.nih.gov/genomes/all/GCF/025/799/765/GCF_025799765.1_ASM2579976v1,ftp://ftp.ncbi.nlm.nih.gov/genomes/all/GCA/025/799/765/GCA_025799765.1_ASM2579976v1
14191631,GCF_025799805.1,GCA_025799805.1,GCF_025799805.1,ASM2579980v1,Pseudomonas aeruginosa (g-proteobacteria),Pseudomonas aeruginosa,SAMN31034179,H-17-00264-1-1,73.93,Scaffold,103525,144270,ftp://ftp.ncbi.nlm.nih.gov/genomes/all/GCF/025/799/805/GCF_025799805.1_ASM2579980v1,ftp://ftp.ncbi.nlm.nih.gov/genomes/all/GCA/025/799/805/GCA_025799805.1_ASM2579980v1
14191581,GCF_025799745.1,GCA_025799745.1,GCF_025799745.1,ASM2579974v1,Pseudomonas aeruginosa (g-proteobacteria),Pseudomonas aeruginosa,SAMN31034180,H-17-00268-1-1,92.29,Scaffold,102682,155437,ftp://ftp.ncbi.nlm.nih.gov/genomes/all/GCF/025/799/745/GCF_025799745.1_ASM2579974v1,ftp://ftp.ncbi.nlm.nih.gov/genomes/all/GCA/025/799/745/GCA_025799745.1_ASM2579974v1
14191571,GCF_025799725.1,GCA_025799725.1,GCF_025799725.1,ASM2579972v1,Pseudomonas aeruginosa (g-proteobacteria),Pseudomonas aeruginosa,SAMN31034181,H-17-00283-1-1,103.95,Scaffold,245009,258782,ftp://ftp.ncbi.nlm.nih.gov/genomes/all/GCF/025/799/725/GCF_025799725.1_ASM2579972v1,ftp://ftp.ncbi.nlm.nih.gov/genomes/all/GCA/025/799/725/GCA_025799725.1_ASM2579972v1
14191551,GCF_025799685.1,GCA_025799685.1,GCF_025799685.1,ASM2579968v1,Pseudomonas aeruginosa (g-proteobacteria),Pseudomonas aeruginosa,SAMN31034182,H-17-00284-2-1,110.32,Scaffold,98199,213414,ftp://ftp.ncbi.nlm.nih.gov/genomes/all/GCF/025/799/685/GCF_025799685.1_ASM2579968v1,ftp://ftp.ncbi.nlm.nih.gov/genomes/all/GCA/025/799/685/GCA_025799685.1_ASM2579968v1
14191531,GCF_025799665.1,GCA_025799665.1,GCF_025799665.1,ASM2579966v1,Pseudomonas aeruginosa (g-proteobacteria),Pseudomonas aeruginosa,SAMN31034183,H-17-16584-1-1,146.32,Scaffold,118281,129261,ftp://ftp.ncbi.nlm.nih.gov/genomes/all/GCF/025/799/665/GCF_025799665.1_ASM2579966v1,ftp://ftp.ncbi.nlm.nih.gov/genomes/all/GCA/025/799/665/GCA_025799665.1_ASM2579966v1
14191541,GCF_025799675.1,GCA_025799675.1,GCF_025799675.1,ASM2579967v1,Pseudomonas aeruginosa (g-proteobacteria),Pseudomonas aeruginosa,SAMN31034184,H-17-16585-1-1,131.11,Scaffold,110997,127576,ftp://ftp.ncbi.nlm.nih.gov/genomes/all/GCF/025/799/675/GCF_025799675.1_ASM2579967v1,ftp://ftp.ncbi.nlm.nih.gov/genomes/all/GCA/025/799/675/GCA_025799675.1_ASM2579967v1
14191511,GCF_025799645.1,GCA_025799645.1,GCF_025799645.1,ASM2579964v1,Pseudomonas aeruginosa (g-proteobacteria),Pseudomonas aeruginosa,SAMN31034185,H-17-16586-1-1,145.95,Scaffold,251681,266565,ftp://ftp.ncbi.nlm.nih.gov/genomes/all/GCF/025/799/645/GCF_025799645.1_ASM2579964v1,ftp://ftp.ncbi.nlm.nih.gov/genomes/all/GCA/025/799/645/GCA_025799645.1_ASM2579964v1
14191501,GCF_025799625.1,GCA_025799625.1,GCF_025799625.1,ASM2579962v1,Pseudomonas aeruginosa (g-proteobacteria),Pseudomonas aeruginosa,SAMN31034186,H-18-00302-1-1,134.24,Scaffold,144594,228348,ftp://ftp.ncbi.nlm.nih.gov/genomes/all/GCF/025/799/625/GCF_025799625.1_ASM2579962v1,ftp://ftp.ncbi.nlm.nih.gov/genomes/all/GCA/025/799/625/GCA_025799625.1_ASM2579962v1
14191481,GCF_025799595.1,GCA_025799595.1,GCF_025799595.1,ASM2579959v1,Pseudomonas aeruginosa (g-proteobacteria),Pseudomonas aeruginosa,SAMN31034187,H-18-00567-1-1,169.1,Scaffold,144002,245559,ftp://ftp.ncbi.nlm.nih.gov/genomes/all/GCF/025/799/595/GCF_025799595.1_ASM2579959v1,ftp://ftp.ncbi.nlm.nih.gov/genomes/all/GCA/025/799/595/GCA_025799595.1_ASM2579959v1
14191491,GCF_025799585.1,GCA_025799585.1,GCF_025799585.1,ASM2579958v1,Pseudomonas aeruginosa (g-proteobacteria),Pseudomonas aeruginosa,SAMN31034188,H-18-17264-1-1,155.94,Scaffold,236563,285908,ftp://ftp.ncbi.nlm.nih.gov/genomes/all/GCF/025/799/585/GCF_025799585.1_ASM2579958v1,ftp://ftp.ncbi.nlm.nih.gov/genomes/all/GCA/025/799/585/GCA_025799585.1_ASM2579958v1
14191461,GCF_025799565.1,GCA_025799565.1,GCF_025799565.1,ASM2579956v1,Pseudomonas aeruginosa (g-proteobacteria),Pseudomonas aeruginosa,SAMN31034189,H-18-17390-1-1,122.03,Scaffold,247621,298367,ftp://ftp.ncbi.nlm.nih.gov/genomes/all/GCF/025/799/565/GCF_025799565.1_ASM2579956v1,ftp://ftp.ncbi.nlm.nih.gov/genomes/all/GCA/025/799/565/GCA_025799565.1_ASM2579956v1
14191451,GCF_025799545.1,GCA_025799545.1,GCF_025799545.1,ASM2579954v1,Pseudomonas aeruginosa (g-proteobacteria),Pseudomonas aeruginosa,SAMN31034190,H-18-17533-1-1,159.13,Scaffold,210072,221831,ftp://ftp.ncbi.nlm.nih.gov/genomes/all/GCF/025/799/545/GCF_025799545.1_ASM2579954v1,ftp://ftp.ncbi.nlm.nih.gov/genomes/all/GCA/025/799/545/GCA_025799545.1_ASM2579954v1
14191431,GCF_025799505.1,GCA_025799505.1,GCF_025799505.1,ASM2579950v1,Pseudomonas aeruginosa (g-proteobacteria),Pseudomonas aeruginosa,SAMN31034191,H-18-17534-1-1,180.24,Scaffold,266744,319222,ftp://ftp.ncbi.nlm.nih.gov/genomes/all/GCF/025/799/505/GCF_025799505.1_ASM2579950v1,ftp://ftp.ncbi.nlm.nih.gov/genomes/all/GCA/025/799/505/GCA_025799505.1_ASM2579950v1
14191421,GCF_025799495.1,GCA_025799495.1,GCF_025799495.1,ASM2579949v1,Pseudomonas aeruginosa (g-proteobacteria),Pseudomonas aeruginosa,SAMN31034192,H-18-17540-1-1,163.44,Scaffold,202165,391422,ftp://ftp.ncbi.nlm.nih.gov/genomes/all/GCF/025/799/495/GCF_025799495.1_ASM2579949v1,ftp://ftp.ncbi.nlm.nih.gov/genomes/all/GCA/025/799/495/GCA_025799495.1_ASM2579949v1
14191411,GCF_025799485.1,GCA_025799485.1,GCF_025799485.1,ASM2579948v1,Pseudomonas aeruginosa (g-proteobacteria),Pseudomonas aeruginosa,SAMN31034193,H-18-17561-1-1,109.38,Scaffold,171086,208028,ftp://ftp.ncbi.nlm.nih.gov/genomes/all/GCF/025/799/485/GCF_025799485.1_ASM2579948v1,ftp://ftp.ncbi.nlm.nih.gov/genomes/all/GCA/025/799/485/GCA_025799485.1_ASM2579948v1
14191401,GCF_025799465.1,GCA_025799465.1,GCF_025799465.1,ASM2579946v1,Pseudomonas aeruginosa (g-proteobacteria),Pseudomonas aeruginosa,SAMN31034194,H-18-17561-2-1,246.71,Scaffold,199193,222169,ftp://ftp.ncbi.nlm.nih.gov/genomes/all/GCF/025/799/465/GCF_025799465.1_ASM2579946v1,ftp://ftp.ncbi.nlm.nih.gov/genomes/all/GCA/025/799/465/GCA_025799465.1_ASM2579946v1
14191381,GCF_025799445.1,GCA_025799445.1,GCF_025799445.1,ASM2579944v1,Pseudomonas aeruginosa (g-proteobacteria),Pseudomonas aeruginosa,SAMN31034195,H-18-17665-1-1,200.4,Scaffold,167753,293618,ftp://ftp.ncbi.nlm.nih.gov/genomes/all/GCF/025/799/445/GCF_025799445.1_ASM2579944v1,ftp://ftp.ncbi.nlm.nih.gov/genomes/all/GCA/025/799/445/GCA_025799445.1_ASM2579944v1
14191351,GCF_025799405.1,GCA_025799405.1,GCF_025799405.1,ASM2579940v1,Pseudomonas aeruginosa (g-proteobacteria),Pseudomonas aeruginosa,SAMN31034196,H-18-17793-1-1,108.76,Scaffold,134872,270877,ftp://ftp.ncbi.nlm.nih.gov/genomes/all/GCF/025/799/405/GCF_025799405.1_ASM2579940v1,ftp://ftp.ncbi.nlm.nih.gov/genomes/all/GCA/025/799/405/GCA_025799405.1_ASM2579940v1
14191361,GCF_025799415.1,GCA_025799415.1,GCF_025799415.1,ASM2579941v1,Pseudomonas aeruginosa (g-proteobacteria),Pseudomonas aeruginosa,SAMN31034197,H-18-17795-1-1,163.21,Scaffold,189585,262206,ftp://ftp.ncbi.nlm.nih.gov/genomes/all/GCF/025/799/415/GCF_025799415.1_ASM2579941v1,ftp://ftp.ncbi.nlm.nih.gov/genomes/all/GCA/025/799/415/GCA_025799415.1_ASM2579941v1
14191321,GCF_025799345.1,GCA_025799345.1,GCF_025799345.1,ASM2579934v1,Pseudomonas aeruginosa (g-proteobacteria),Pseudomonas aeruginosa,SAMN31034200,H-19-00891-1-1,91,Scaffold,99666,166619,ftp://ftp.ncbi.nlm.nih.gov/genomes/all/GCF/025/799/345/GCF_025799345.1_ASM2579934v1,ftp://ftp.ncbi.nlm.nih.gov/genomes/all/GCA/025/799/345/GCA_025799345.1_ASM2579934v1
14191331,GCF_025799355.1,GCA_025799355.1,GCF_025799355.1,ASM2579935v1,Pseudomonas aeruginosa (g-proteobacteria),Pseudomonas aeruginosa,SAMN31034201,H-19-17842-2-1,44.77,Scaffold,24592,39118,ftp://ftp.ncbi.nlm.nih.gov/genomes/all/GCF/025/799/355/GCF_025799355.1_ASM2579935v1,ftp://ftp.ncbi.nlm.nih.gov/genomes/all/GCA/025/799/355/GCA_025799355.1_ASM2579935v1
14191341,GCF_025799375.1,GCA_025799375.1,GCF_025799375.1,ASM2579937v1,Pseudomonas aeruginosa (g-proteobacteria),Pseudomonas aeruginosa,SAMN31034202,H-20-01197-1-1,90.35,Scaffold,89378,167907,ftp://ftp.ncbi.nlm.nih.gov/genomes/all/GCF/025/799/375/GCF_025799375.1_ASM2579937v1,ftp://ftp.ncbi.nlm.nih.gov/genomes/all/GCA/025/799/375/GCA_025799375.1_ASM2579937v1
14248301,GCF_025910095.1,GCA_025910095.1,GCF_025910095.1,ASM2591009v1,Pseudomonas aeruginosa (g-proteobacteria),Pseudomonas aeruginosa,SAMN31034244,P-11-06811-1-1,104.62,Scaffold,112759,247610,ftp://ftp.ncbi.nlm.nih.gov/genomes/all/GCF/025/910/095/GCF_025910095.1_ASM2591009v1,ftp://ftp.ncbi.nlm.nih.gov/genomes/all/GCA/025/910/095/GCA_025910095.1_ASM2591009v1
14191291,GCF_025799325.1,GCA_025799325.1,GCF_025799325.1,ASM2579932v1,Pseudomonas aeruginosa (g-proteobacteria),Pseudomonas aeruginosa,SAMN31034248,P-11-13752-1-1,212.49,Scaffold,130369,213462,ftp://ftp.ncbi.nlm.nih.gov/genomes/all/GCF/025/799/325/GCF_025799325.1_ASM2579932v1,ftp://ftp.ncbi.nlm.nih.gov/genomes/all/GCA/025/799/325/GCA_025799325.1_ASM2579932v1
14191281,GCF_025799305.1,GCA_025799305.1,GCF_025799305.1,ASM2579930v1,Pseudomonas aeruginosa (g-proteobacteria),Pseudomonas aeruginosa,SAMN31034249,P-11-19131-1-1,91.51,Scaffold,183269,377585,ftp://ftp.ncbi.nlm.nih.gov/genomes/all/GCF/025/799/305/GCF_025799305.1_ASM2579930v1,ftp://ftp.ncbi.nlm.nih.gov/genomes/all/GCA/025/799/305/GCA_025799305.1_ASM2579930v1
14191241,GCF_025799255.1,GCA_025799255.1,GCF_025799255.1,ASM2579925v1,Pseudomonas aeruginosa (g-proteobacteria),Pseudomonas aeruginosa,SAMN31034251,P-11-51053-1-1,92.29,Scaffold,71067,111072,ftp://ftp.ncbi.nlm.nih.gov/genomes/all/GCF/025/799/255/GCF_025799255.1_ASM2579925v1,ftp://ftp.ncbi.nlm.nih.gov/genomes/all/GCA/025/799/255/GCA_025799255.1_ASM2579925v1
14191271,GCF_025799275.1,GCA_025799275.1,GCF_025799275.1,ASM2579927v1,Pseudomonas aeruginosa (g-proteobacteria),Pseudomonas aeruginosa,SAMN31034256,P-12-22237-1-1,93.56,Scaffold,165164,262898,ftp://ftp.ncbi.nlm.nih.gov/genomes/all/GCF/025/799/275/GCF_025799275.1_ASM2579927v1,ftp://ftp.ncbi.nlm.nih.gov/genomes/all/GCA/025/799/275/GCA_025799275.1_ASM2579927v1
14191261,GCF_025799245.1,GCA_025799245.1,GCF_025799245.1,ASM2579924v1,Pseudomonas aeruginosa (g-proteobacteria),Pseudomonas aeruginosa,SAMN31034263,P-12-32926-1-1,115.95,Scaffold,68332,129828,ftp://ftp.ncbi.nlm.nih.gov/genomes/all/GCF/025/799/245/GCF_025799245.1_ASM2579924v1,ftp://ftp.ncbi.nlm.nih.gov/genomes/all/GCA/025/799/245/GCA_025799245.1_ASM2579924v1
14191201,GCF_025799185.1,GCA_025799185.1,GCF_025799185.1,ASM2579918v1,Pseudomonas aeruginosa (g-proteobacteria),Pseudomonas aeruginosa,SAMN31034266,P-12-51225-1-1,155.08,Scaffold,84489,162775,ftp://ftp.ncbi.nlm.nih.gov/genomes/all/GCF/025/799/185/GCF_025799185.1_ASM2579918v1,ftp://ftp.ncbi.nlm.nih.gov/genomes/all/GCA/025/799/185/GCA_025799185.1_ASM2579918v1
14191231,GCF_025799215.1,GCA_025799215.1,GCF_025799215.1,ASM2579921v1,Pseudomonas aeruginosa (g-proteobacteria),Pseudomonas aeruginosa,SAMN31034269,P-13-12317-1-1,196.47,Scaffold,141204,285883,ftp://ftp.ncbi.nlm.nih.gov/genomes/all/GCF/025/799/215/GCF_025799215.1_ASM2579921v1,ftp://ftp.ncbi.nlm.nih.gov/genomes/all/GCA/025/799/215/GCA_025799215.1_ASM2579921v1
14191211,GCF_025799205.1,GCA_025799205.1,GCF_025799205.1,ASM2579920v1,Pseudomonas aeruginosa (g-proteobacteria),Pseudomonas aeruginosa,SAMN31034270,P-13-12741-1-1,26.55,Scaffold,60635,105980,ftp://ftp.ncbi.nlm.nih.gov/genomes/all/GCF/025/799/205/GCF_025799205.1_ASM2579920v1,ftp://ftp.ncbi.nlm.nih.gov/genomes/all/GCA/025/799/205/GCA_025799205.1_ASM2579920v1
14191191,GCF_025799165.1,GCA_025799165.1,GCF_025799165.1,ASM2579916v1,Pseudomonas aeruginosa (g-proteobacteria),Pseudomonas aeruginosa,SAMN31034283,P-14-13653-1-1,124.13,Scaffold,63929,101851,ftp://ftp.ncbi.nlm.nih.gov/genomes/all/GCF/025/799/165/GCF_025799165.1_ASM2579916v1,ftp://ftp.ncbi.nlm.nih.gov/genomes/all/GCA/025/799/165/GCA_025799165.1_ASM2579916v1
14191181,GCF_025799145.1,GCA_025799145.1,GCF_025799145.1,ASM2579914v1,Pseudomonas aeruginosa (g-proteobacteria),Pseudomonas aeruginosa,SAMN31034284,P-14-13654-1-1,148.1,Scaffold,146942,191291,ftp://ftp.ncbi.nlm.nih.gov/genomes/all/GCF/025/799/145/GCF_025799145.1_ASM2579914v1,ftp://ftp.ncbi.nlm.nih.gov/genomes/all/GCA/025/799/145/GCA_025799145.1_ASM2579914v1
14191161,GCF_025799125.1,GCA_025799125.1,GCF_025799125.1,ASM2579912v1,Pseudomonas aeruginosa (g-proteobacteria),Pseudomonas aeruginosa,SAMN31034285,P-14-13655-1-1,179.6,Scaffold,104223,201189,ftp://ftp.ncbi.nlm.nih.gov/genomes/all/GCF/025/799/125/GCF_025799125.1_ASM2579912v1,ftp://ftp.ncbi.nlm.nih.gov/genomes/all/GCA/025/799/125/GCA_025799125.1_ASM2579912v1
14191141,GCF_025799105.1,GCA_025799105.1,GCF_025799105.1,ASM2579910v1,Pseudomonas aeruginosa (g-proteobacteria),Pseudomonas aeruginosa,SAMN31034286,P-14-13659-1-1,143.37,Scaffold,107632,201361,ftp://ftp.ncbi.nlm.nih.gov/genomes/all/GCF/025/799/105/GCF_025799105.1_ASM2579910v1,ftp://ftp.ncbi.nlm.nih.gov/genomes/all/GCA/025/799/105/GCA_025799105.1_ASM2579910v1
14191131,GCF_025799085.1,GCA_025799085.1,GCF_025799085.1,ASM2579908v1,Pseudomonas aeruginosa (g-proteobacteria),Pseudomonas aeruginosa,SAMN31034287,P-14-13678-1-1,233.87,Scaffold,77362,117691,ftp://ftp.ncbi.nlm.nih.gov/genomes/all/GCF/025/799/085/GCF_025799085.1_ASM2579908v1,ftp://ftp.ncbi.nlm.nih.gov/genomes/all/GCA/025/799/085/GCA_025799085.1_ASM2579908v1
14191121,GCF_025799065.1,GCA_025799065.1,GCF_025799065.1,ASM2579906v1,Pseudomonas aeruginosa (g-proteobacteria),Pseudomonas aeruginosa,SAMN31034298,P-15-14582-1-1,244.79,Scaffold,141073,254106,ftp://ftp.ncbi.nlm.nih.gov/genomes/all/GCF/025/799/065/GCF_025799065.1_ASM2579906v1,ftp://ftp.ncbi.nlm.nih.gov/genomes/all/GCA/025/799/065/GCA_025799065.1_ASM2579906v1
14191091,GCF_025799025.1,GCA_025799025.1,GCF_025799025.1,ASM2579902v1,Pseudomonas aeruginosa (g-proteobacteria),Pseudomonas aeruginosa,SAMN31034299,P-15-14597-1-1,123.99,Scaffold,241285,276911,ftp://ftp.ncbi.nlm.nih.gov/genomes/all/GCF/025/799/025/GCF_025799025.1_ASM2579902v1,ftp://ftp.ncbi.nlm.nih.gov/genomes/all/GCA/025/799/025/GCA_025799025.1_ASM2579902v1
14191071,GCF_025799005.1,GCA_025799005.1,GCF_025799005.1,ASM2579900v1,Pseudomonas aeruginosa (g-proteobacteria),Pseudomonas aeruginosa,SAMN31034302,P-15-28760-1-1,88.71,Scaffold,151384,246541,ftp://ftp.ncbi.nlm.nih.gov/genomes/all/GCF/025/799/005/GCF_025799005.1_ASM2579900v1,ftp://ftp.ncbi.nlm.nih.gov/genomes/all/GCA/025/799/005/GCA_025799005.1_ASM2579900v1
14191111,GCF_025799045.1,GCA_025799045.1,GCF_025799045.1,ASM2579904v1,Pseudomonas aeruginosa (g-proteobacteria),Pseudomonas aeruginosa,SAMN31034307,P-16-01065-1-1,83.06,Scaffold,115053,244721,ftp://ftp.ncbi.nlm.nih.gov/genomes/all/GCF/025/799/045/GCF_025799045.1_ASM2579904v1,ftp://ftp.ncbi.nlm.nih.gov/genomes/all/GCA/025/799/045/GCA_025799045.1_ASM2579904v1
14191061,GCF_025798985.1,GCA_025798985.1,GCF_025798985.1,ASM2579898v1,Pseudomonas aeruginosa (g-proteobacteria),Pseudomonas aeruginosa,SAMN31034308,P-16-15465-1-1,120.24,Scaffold,278613,282335,ftp://ftp.ncbi.nlm.nih.gov/genomes/all/GCF/025/798/985/GCF_025798985.1_ASM2579898v1,ftp://ftp.ncbi.nlm.nih.gov/genomes/all/GCA/025/798/985/GCA_025798985.1_ASM2579898v1
14191041,GCF_025798965.1,GCA_025798965.1,GCF_025798965.1,ASM2579896v1,Pseudomonas aeruginosa (g-proteobacteria),Pseudomonas aeruginosa,SAMN31034310,P-16-23058-1-1,193.12,Scaffold,65587,175065,ftp://ftp.ncbi.nlm.nih.gov/genomes/all/GCF/025/798/965/GCF_025798965.1_ASM2579896v1,ftp://ftp.ncbi.nlm.nih.gov/genomes/all/GCA/025/798/965/GCA_025798965.1_ASM2579896v1
14191031,GCF_025798945.1,GCA_025798945.1,GCF_025798945.1,ASM2579894v1,Pseudomonas aeruginosa (g-proteobacteria),Pseudomonas aeruginosa,SAMN31034315,P-16-66620-1-1,94.12,Scaffold,113068,153036,ftp://ftp.ncbi.nlm.nih.gov/genomes/all/GCF/025/798/945/GCF_025798945.1_ASM2579894v1,ftp://ftp.ncbi.nlm.nih.gov/genomes/all/GCA/025/798/945/GCA_025798945.1_ASM2579894v1
14191001,GCF_025798905.1,GCA_025798905.1,GCF_025798905.1,ASM2579890v1,Pseudomonas aeruginosa (g-proteobacteria),Pseudomonas aeruginosa,SAMN31034317,P-16-76974-1-1,86.56,Scaffold,144498,210973,ftp://ftp.ncbi.nlm.nih.gov/genomes/all/GCF/025/798/905/GCF_025798905.1_ASM2579890v1,ftp://ftp.ncbi.nlm.nih.gov/genomes/all/GCA/025/798/905/GCA_025798905.1_ASM2579890v1
14190971,GCF_025798865.1,GCA_025798865.1,GCF_025798865.1,ASM2579886v1,Pseudomonas aeruginosa (g-proteobacteria),Pseudomonas aeruginosa,SAMN31034318,P-16-82133-1-1,137.9,Scaffold,73436,181394,ftp://ftp.ncbi.nlm.nih.gov/genomes/all/GCF/025/798/865/GCF_025798865.1_ASM2579886v1,ftp://ftp.ncbi.nlm.nih.gov/genomes/all/GCA/025/798/865/GCA_025798865.1_ASM2579886v1
14190961,GCF_025798845.1,GCA_025798845.1,GCF_025798845.1,ASM2579884v1,Pseudomonas aeruginosa (g-proteobacteria),Pseudomonas aeruginosa,SAMN31034320,P-17-16577-1-1,129.19,Scaffold,278461,290654,ftp://ftp.ncbi.nlm.nih.gov/genomes/all/GCF/025/798/845/GCF_025798845.1_ASM2579884v1,ftp://ftp.ncbi.nlm.nih.gov/genomes/all/GCA/025/798/845/GCA_025798845.1_ASM2579884v1
14190941,GCF_025798825.1,GCA_025798825.1,GCF_025798825.1,ASM2579882v1,Pseudomonas aeruginosa (g-proteobacteria),Pseudomonas aeruginosa,SAMN31034321,P-17-18855-3-1,91.65,Scaffold,162254,203353,ftp://ftp.ncbi.nlm.nih.gov/genomes/all/GCF/025/798/825/GCF_025798825.1_ASM2579882v1,ftp://ftp.ncbi.nlm.nih.gov/genomes/all/GCA/025/798/825/GCA_025798825.1_ASM2579882v1
14190911,GCF_025798785.1,GCA_025798785.1,GCF_025798785.1,ASM2579878v1,Pseudomonas aeruginosa (g-proteobacteria),Pseudomonas aeruginosa,SAMN31034324,P-17-63536-1-1,118.98,Scaffold,75315,133981,ftp://ftp.ncbi.nlm.nih.gov/genomes/all/GCF/025/798/785/GCF_025798785.1_ASM2579878v1,ftp://ftp.ncbi.nlm.nih.gov/genomes/all/GCA/025/798/785/GCA_025798785.1_ASM2579878v1
14190921,GCF_025798805.1,GCA_025798805.1,GCF_025798805.1,ASM2579880v1,Pseudomonas aeruginosa (g-proteobacteria),Pseudomonas aeruginosa,SAMN31034326,P-17-72532-1-1,125.99,Scaffold,68188,156873,ftp://ftp.ncbi.nlm.nih.gov/genomes/all/GCF/025/798/805/GCF_025798805.1_ASM2579880v1,ftp://ftp.ncbi.nlm.nih.gov/genomes/all/GCA/025/798/805/GCA_025798805.1_ASM2579880v1
14190891,GCF_025798765.1,GCA_025798765.1,GCF_025798765.1,ASM2579876v1,Pseudomonas aeruginosa (g-proteobacteria),Pseudomonas aeruginosa,SAMN31034331,P-18-17380-1-1,170.42,Scaffold,287519,404116,ftp://ftp.ncbi.nlm.nih.gov/genomes/all/GCF/025/798/765/GCF_025798765.1_ASM2579876v1,ftp://ftp.ncbi.nlm.nih.gov/genomes/all/GCA/025/798/765/GCA_025798765.1_ASM2579876v1
14190871,GCF_025798735.1,GCA_025798735.1,GCF_025798735.1,ASM2579873v1,Pseudomonas aeruginosa (g-proteobacteria),Pseudomonas aeruginosa,SAMN31034332,P-18-17404-1-1,191.13,Scaffold,224345,276142,ftp://ftp.ncbi.nlm.nih.gov/genomes/all/GCF/025/798/735/GCF_025798735.1_ASM2579873v1,ftp://ftp.ncbi.nlm.nih.gov/genomes/all/GCA/025/798/735/GCA_025798735.1_ASM2579873v1
14190851,GCF_025798705.1,GCA_025798705.1,GCF_025798705.1,ASM2579870v1,Pseudomonas aeruginosa (g-proteobacteria),Pseudomonas aeruginosa,SAMN31034333,P-18-17466-1-1,175.44,Scaffold,261423,292090,ftp://ftp.ncbi.nlm.nih.gov/genomes/all/GCF/025/798/705/GCF_025798705.1_ASM2579870v1,ftp://ftp.ncbi.nlm.nih.gov/genomes/all/GCA/025/798/705/GCA_025798705.1_ASM2579870v1
14190861,GCF_025798725.1,GCA_025798725.1,GCF_025798725.1,ASM2579872v1,Pseudomonas aeruginosa (g-proteobacteria),Pseudomonas aeruginosa,SAMN31034334,P-18-17498-1-1,145.89,Scaffold,276688,381039,ftp://ftp.ncbi.nlm.nih.gov/genomes/all/GCF/025/798/725/GCF_025798725.1_ASM2579872v1,ftp://ftp.ncbi.nlm.nih.gov/genomes/all/GCA/025/798/725/GCA_025798725.1_ASM2579872v1
14190801,GCF_025798645.1,GCA_025798645.1,GCF_025798645.1,ASM2579864v1,Pseudomonas aeruginosa (g-proteobacteria),Pseudomonas aeruginosa,SAMN31034335,P-18-17499-1-1,101.81,Scaffold,383908,479433,ftp://ftp.ncbi.nlm.nih.gov/genomes/all/GCF/025/798/645/GCF_025798645.1_ASM2579864v1,ftp://ftp.ncbi.nlm.nih.gov/genomes/all/GCA/025/798/645/GCA_025798645.1_ASM2579864v1
14190831,GCF_025798685.1,GCA_025798685.1,GCF_025798685.1,ASM2579868v1,Pseudomonas aeruginosa (g-proteobacteria),Pseudomonas aeruginosa,SAMN31034336,P-18-17786-1-1,148.1,Scaffold,178401,295177,ftp://ftp.ncbi.nlm.nih.gov/genomes/all/GCF/025/798/685/GCF_025798685.1_ASM2579868v1,ftp://ftp.ncbi.nlm.nih.gov/genomes/all/GCA/025/798/685/GCA_025798685.1_ASM2579868v1
14190821,GCF_025798655.1,GCA_025798655.1,GCF_025798655.1,ASM2579865v1,Pseudomonas aeruginosa (g-proteobacteria),Pseudomonas aeruginosa,SAMN31034337,P-18-17817-1-1,234.41,Scaffold,254861,386469,ftp://ftp.ncbi.nlm.nih.gov/genomes/all/GCF/025/798/655/GCF_025798655.1_ASM2579865v1,ftp://ftp.ncbi.nlm.nih.gov/genomes/all/GCA/025/798/655/GCA_025798655.1_ASM2579865v1
14190781,GCF_025798625.1,GCA_025798625.1,GCF_025798625.1,ASM2579862v1,Pseudomonas aeruginosa (g-proteobacteria),Pseudomonas aeruginosa,SAMN31034361,P-20-12178-1-1,142.15,Scaffold,53399,129803,ftp://ftp.ncbi.nlm.nih.gov/genomes/all/GCF/025/798/625/GCF_025798625.1_ASM2579862v1,ftp://ftp.ncbi.nlm.nih.gov/genomes/all/GCA/025/798/625/GCA_025798625.1_ASM2579862v1
14190771,GCF_025798605.1,GCA_025798605.1,GCF_025798605.1,ASM2579860v1,Pseudomonas aeruginosa (g-proteobacteria),Pseudomonas aeruginosa,SAMN31034364,P-20-18507-1-1,99.58,Scaffold,58043,109425,ftp://ftp.ncbi.nlm.nih.gov/genomes/all/GCF/025/798/605/GCF_025798605.1_ASM2579860v1,ftp://ftp.ncbi.nlm.nih.gov/genomes/all/GCA/025/798/605/GCA_025798605.1_ASM2579860v1
14190751,GCF_025798585.1,GCA_025798585.1,GCF_025798585.1,ASM2579858v1,Pseudomonas aeruginosa (g-proteobacteria),Pseudomonas aeruginosa,SAMN31034365,P-20-18545-1-1,119.51,Scaffold,72049,113230,ftp://ftp.ncbi.nlm.nih.gov/genomes/all/GCF/025/798/585/GCF_025798585.1_ASM2579858v1,ftp://ftp.ncbi.nlm.nih.gov/genomes/all/GCA/025/798/585/GCA_025798585.1_ASM2579858v1
